deal_id,lead_id,segment,country,owner_rep_id,deal_created_at,close_at,status,plan_selected,list_price_mrr_usd,discount_pct,final_mrr_usd,discount_experiment_march_flag,term_months,ai_bot_touched_flag,lost_reason
D00005,L100005,AccountantFirm,COL,AE08,2026-05-16 00:00:00,2026-05-18 00:00:00,Closed Won,Scale,136.03,10,122.43,0,6,0,
D00013,L100013,SMB,PER,AE06,2026-04-06 11:00:00,2026-04-14 11:00:00,Closed Lost,Accounting Suite,86.63,0,86.63,0,1,0,Chose competitor
D00014,L100014,AccountantFirm,COL,AE08,2026-02-10 11:00:00,2026-02-19 11:00:00,Closed Lost,Accounting Suite,104.98,0,104.98,0,1,1,Missing feature
D00020,L100020,AccountantFirm,COL,AE08,2026-05-21 18:00:00,2026-06-03 18:00:00,Closed Won,Accounting Suite,70.28,0,70.28,0,12,1,
D00022,L100022,AccountantFirm,DOM,AE08,2026-03-20 21:00:00,2026-03-25 21:00:00,Closed Lost,Accounting Suite,194.8,0,194.8,0,1,1,Chose competitor
D00025,L100025,AccountantFirm,MEX,AE07,2026-05-25 17:00:00,2026-06-02 17:00:00,Closed Won,Partner Hub,427.16,0,427.16,0,1,1,
D00026,L100026,AccountantFirm,MEX,AE08,2026-07-13 19:00:00,2026-07-22 19:00:00,Closed Won,Partner Hub,216.06,0,216.06,0,1,1,
D00028,L100028,AccountantFirm,CRI,AE07,2026-02-09 14:00:00,2026-02-12 14:00:00,Closed Lost,Partner Hub,213.66,0,213.66,0,12,0,Chose competitor
D00029,L100029,SMB,COL,AE03,2026-06-21 19:00:00,2026-06-25 19:00:00,Closed Won,Scale,88.97,0,88.97,0,1,0,
D00047,L100047,SMB,MEX,AE01,2026-02-20 17:00:00,2026-03-03 17:00:00,Closed Lost,Start,69.05,0,69.05,0,12,0,Timing / no budget
D00048,L100048,SMB,COL,AE06,2026-06-08 06:00:00,2026-06-19 06:00:00,Closed Won,Start,391.7,0,391.7,0,12,1,
D00052,L100052,SMB,PER,AE06,2026-06-07 20:00:00,2026-06-15 20:00:00,Closed Won,Start,51.76,0,51.76,0,1,1,
D00054,L100054,AccountantFirm,COL,AE08,2026-04-28 15:00:00,2026-05-02 15:00:00,Closed Lost,Accounting Suite,58.26,0,58.26,0,12,0,No response after proposal
D00062,L100062,SMB,DOM,AE04,2026-01-31 18:00:00,2026-02-08 18:00:00,Closed Lost,Accounting Suite,67.18,0,67.18,0,1,1,Too expensive
D00063,L100063,AccountantFirm,MEX,AE07,2026-02-17 00:00:00,2026-02-22 00:00:00,Closed Won,Partner Hub,700.2,5,665.19,0,1,0,
D00117,L100117,SMB,MEX,AE06,2026-02-01 11:00:00,2026-02-10 11:00:00,Closed Won,Scale,97.92,10,88.12,0,12,1,
D00121,L100121,SMB,COL,AE03,2026-04-23 16:00:00,2026-04-28 16:00:00,Closed Lost,Start,60.63,0,60.63,0,12,0,Too expensive
D00124,L100124,AccountantFirm,DOM,AE09,2026-06-29 10:00:00,2026-07-13 10:00:00,Closed Won,Accounting Suite,109.66,0,109.66,0,3,1,
D00127,L100127,AccountantFirm,CRI,AE07,2026-02-22 16:00:00,2026-03-08 16:00:00,Closed Won,Accounting Suite,684.72,0,684.72,0,3,1,
D00129,L100129,AccountantFirm,MEX,AE07,2026-05-19 15:00:00,2026-05-22 15:00:00,Closed Won,Partner Hub,1642.88,15,1396.45,0,1,1,
D00134,L100134,AccountantFirm,COL,AE08,2026-03-07 16:00:00,2026-03-14 16:00:00,Closed Lost,Scale,126.93,0,126.93,0,12,1,Too expensive
D00139,L100139,SMB,MEX,AE02,2026-03-21 00:00:00,2026-04-04 00:00:00,Closed Won,Growth,585.74,20,468.59,1,12,1,
D00143,L100143,SMB,DOM,AE01,2026-02-09 18:00:00,2026-02-14 18:00:00,Closed Won,Accounting Suite,41.74,0,41.74,0,3,0,
D00153,L100153,SMB,MEX,AE04,2026-07-27 09:00:00,2026-08-05 09:00:00,Closed Won,Growth,77.64,5,73.76,0,6,1,
D00154,L100154,SMB,PER,AE04,2026-03-15 13:00:00,2026-03-21 13:00:00,Closed Lost,Start,32.2,0,32.2,0,12,1,Too expensive
D00159,L100159,SMB,PER,AE05,2026-04-07 13:00:00,2026-04-20 13:00:00,Closed Lost,Start,159.22,0,159.22,0,3,1,Timing / no budget
D00162,L100162,SMB,PER,AE05,2026-02-03 13:00:00,2026-02-17 13:00:00,Closed Lost,Growth,147.25,0,147.25,0,12,1,Too expensive
D00175,L100175,SMB,COL,AE02,2026-02-20 17:00:00,2026-02-23 17:00:00,Closed Won,Growth,350.81,0,350.81,0,12,0,
D00190,L100190,SMB,DOM,AE03,2026-05-19 10:00:00,2026-05-24 10:00:00,Closed Lost,Accounting Suite,29.0,0,29.0,0,12,1,Timing / no budget
D00197,L100197,AccountantFirm,COL,AE07,2026-04-10 11:00:00,2026-04-13 11:00:00,Closed Lost,Partner Hub,864.0,0,864.0,0,6,1,No response after proposal
D00204,L100204,SMB,MEX,AE06,2026-02-22 18:00:00,2026-03-01 18:00:00,Closed Lost,Growth,58.74,20,46.99,0,6,1,Chose competitor
D00241,L100241,AccountantFirm,COL,AE09,2026-05-05 18:00:00,2026-05-11 18:00:00,Closed Lost,Partner Hub,162.84,5,154.69,0,3,1,No response after proposal
D00247,L100247,SMB,PER,AE01,2026-06-12 04:00:00,2026-06-14 04:00:00,Closed Won,Start,64.05,0,64.05,0,1,1,
D00253,L100253,SMB,COL,AE06,2026-05-01 00:00:00,2026-05-07 00:00:00,Closed Won,Growth,105.03,0,105.03,0,1,1,
D00264,L100264,AccountantFirm,COL,AE09,2026-07-10 21:00:00,2026-07-15 21:00:00,Closed Won,Partner Hub,371.29,5,352.72,0,6,0,
D00271,L100271,SMB,MEX,AE05,2026-02-26 13:00:00,2026-03-03 13:00:00,Closed Lost,Growth,47.4,0,47.4,0,1,0,No response after proposal
D00274,L100274,AccountantFirm,COL,AE09,2026-02-10 15:00:00,2026-02-13 15:00:00,Closed Won,Accounting Suite,136.7,0,136.7,0,3,0,
D00280,L100280,SMB,CRI,AE01,2026-04-07 00:00:00,2026-04-18 00:00:00,Closed Lost,Start,110.57,0,110.57,0,1,0,Too expensive
D00281,L100281,AccountantFirm,MEX,AE09,2026-06-10 13:00:00,2026-06-21 13:00:00,Closed Lost,Partner Hub,82.51,0,82.51,0,12,0,Missing feature
D00298,L100298,SMB,MEX,AE03,2026-03-16 09:00:00,2026-03-19 09:00:00,Closed Won,Scale,50.69,30,35.48,1,12,1,
D00299,L100299,SMB,MEX,AE03,2026-04-10 08:00:00,2026-04-17 08:00:00,Closed Lost,Growth,101.51,0,101.51,0,1,1,No response after proposal
D00302,L100302,SMB,MEX,AE03,2026-02-13 20:00:00,2026-02-27 20:00:00,Closed Lost,Start,491.8,0,491.8,0,1,1,No response after proposal
D00310,L100310,SMB,COL,AE06,2026-02-09 20:00:00,2026-02-16 20:00:00,Closed Lost,Start,39.02,0,39.02,0,3,0,Chose competitor
D00316,L100316,SMB,COL,AE06,2026-03-19 09:00:00,2026-04-01 09:00:00,Closed Lost,Scale,61.57,15,52.34,1,1,0,Timing / no budget
D00319,L100319,SMB,COL,AE06,2026-03-25 00:00:00,2026-04-02 00:00:00,Closed Lost,Start,91.3,20,73.04,1,3,1,Chose competitor
D00333,L100333,AccountantFirm,MEX,AE07,2026-06-18 12:00:00,2026-06-29 12:00:00,Closed Lost,Accounting Suite,264.33,0,264.33,0,1,1,No response after proposal
D00352,L100352,AccountantFirm,MEX,AE07,2026-04-21 21:00:00,2026-05-01 21:00:00,Closed Lost,Partner Hub,224.76,20,179.81,0,12,1,Timing / no budget
D00355,L100355,SMB,MEX,AE04,2026-01-21 08:00:00,2026-01-25 08:00:00,Closed Won,Start,812.46,20,649.97,0,3,1,
D00359,L100359,SMB,MEX,AE05,2026-02-07 14:00:00,2026-02-09 14:00:00,Closed Lost,Accounting Suite,247.67,0,247.67,0,1,1,No response after proposal
D00373,L100373,AccountantFirm,COL,AE07,2026-06-23 18:00:00,2026-07-07 18:00:00,Closed Lost,Accounting Suite,603.94,0,603.94,0,1,1,Too expensive
D00376,L100376,AccountantFirm,MEX,AE09,2026-02-07 13:00:00,2026-02-09 13:00:00,Closed Won,Partner Hub,192.98,0,192.98,0,1,0,
D00378,L100378,AccountantFirm,MEX,AE08,2026-06-20 00:00:00,2026-06-25 00:00:00,Closed Lost,Accounting Suite,386.87,0,386.87,0,12,1,Too expensive
D00396,L100396,SMB,PER,AE01,2026-07-18 21:00:00,2026-07-29 21:00:00,Closed Won,Start,322.93,0,322.93,0,6,1,
D00398,L100398,SMB,COL,AE04,2026-04-25 09:00:00,2026-05-09 09:00:00,Closed Lost,Scale,34.74,0,34.74,0,3,1,Chose competitor
D00400,L100400,AccountantFirm,COL,AE08,2026-05-01 20:00:00,2026-05-12 20:00:00,Closed Won,Partner Hub,337.51,0,337.51,0,12,1,
D00410,L100410,SMB,MEX,AE05,2026-02-02 20:00:00,2026-02-12 20:00:00,Closed Won,Accounting Suite,194.89,0,194.89,0,12,0,
D00421,L100421,AccountantFirm,MEX,AE07,2026-06-10 18:00:00,2026-06-18 18:00:00,Closed Won,Scale,295.22,0,295.22,0,6,0,
D00423,L100423,AccountantFirm,MEX,AE09,2026-01-20 09:00:00,2026-01-28 09:00:00,Closed Won,Accounting Suite,165.61,0,165.61,0,1,0,
D00432,L100432,SMB,MEX,AE04,2026-03-21 08:00:00,2026-03-23 08:00:00,Closed Won,Scale,196.77,10,177.09,1,1,1,
D00433,L100433,SMB,MEX,AE05,2026-04-23 14:00:00,2026-05-02 14:00:00,Closed Won,Growth,56.79,0,56.79,0,1,1,
D00439,L100439,SMB,PER,AE04,2026-05-15 14:00:00,2026-05-19 14:00:00,Closed Won,Accounting Suite,66.95,0,66.95,0,1,1,
D00441,L100441,AccountantFirm,DOM,AE07,2026-04-14 18:00:00,2026-04-16 18:00:00,Closed Won,Accounting Suite,326.51,15,277.53,0,12,0,
D00443,L100443,SMB,MEX,AE06,2026-03-30 17:00:00,2026-04-07 17:00:00,Closed Lost,Start,468.8,20,375.04,1,6,1,Too expensive
D00444,L100444,AccountantFirm,COL,AE07,2026-07-07 20:00:00,2026-07-18 20:00:00,Closed Lost,Scale,120.25,0,120.25,0,1,1,Too expensive
D00448,L100448,AccountantFirm,MEX,AE09,2026-07-11 10:00:00,2026-07-18 10:00:00,Closed Won,Accounting Suite,481.88,0,481.88,0,12,1,
D00504,L100504,AccountantFirm,DOM,AE07,2026-06-22 19:00:00,2026-07-02 19:00:00,Closed Lost,Partner Hub,890.18,15,756.66,0,3,1,Missing feature
D00506,L100506,SMB,MEX,AE06,2026-04-28 08:00:00,2026-05-02 08:00:00,Closed Lost,Scale,68.67,0,68.67,0,12,1,No response after proposal
D00513,L100513,SMB,COL,AE04,2026-03-11 17:00:00,2026-03-25 17:00:00,Closed Lost,Start,61.49,10,55.34,0,1,0,No response after proposal
D00515,L100515,AccountantFirm,DOM,AE07,2026-04-30 12:00:00,2026-05-12 12:00:00,Closed Lost,Partner Hub,110.96,0,110.96,0,3,1,Timing / no budget
D00519,L100519,AccountantFirm,DOM,AE09,2026-01-22 08:00:00,2026-01-29 08:00:00,Closed Lost,Partner Hub,697.42,15,592.8,0,12,0,Missing feature
D00520,L100520,SMB,COL,AE02,2026-01-15 00:00:00,2026-01-24 00:00:00,Closed Won,Growth,72.37,0,72.37,0,6,1,
D00528,L100528,SMB,CRI,AE03,2026-02-10 13:00:00,2026-02-22 13:00:00,Closed Lost,Start,214.99,0,214.99,0,3,0,Too expensive
D00540,L100540,SMB,CRI,AE01,2026-03-23 11:00:00,2026-03-27 11:00:00,Closed Lost,Start,61.44,0,61.44,0,3,0,Timing / no budget
D00558,L100558,SMB,MEX,AE06,2026-06-11 08:00:00,2026-06-19 08:00:00,Closed Lost,Growth,66.15,0,66.15,0,12,0,Timing / no budget
D00581,L100581,SMB,PER,AE03,2026-05-20 16:00:00,2026-05-26 16:00:00,Closed Lost,Growth,29.0,0,29.0,0,3,1,Chose competitor
D00583,L100583,SMB,DOM,AE06,2026-03-23 10:00:00,2026-04-06 10:00:00,Closed Lost,Start,112.44,0,112.44,0,6,1,Too expensive
D00592,L100592,SMB,COL,AE01,2026-04-09 08:00:00,2026-04-15 08:00:00,Closed Lost,Scale,36.28,0,36.28,0,3,1,Too expensive
D00601,L100601,SMB,PER,AE02,2026-04-23 15:00:00,2026-05-02 15:00:00,Closed Lost,Scale,456.9,0,456.9,0,1,1,No response after proposal
D00611,L100611,SMB,PER,AE01,2026-05-20 13:00:00,2026-05-27 13:00:00,Closed Won,Growth,170.58,0,170.58,0,1,0,
D00617,L100617,SMB,PER,AE06,2026-05-15 21:00:00,2026-05-28 21:00:00,Closed Lost,Growth,37.0,15,31.45,0,1,1,Missing feature
D00621,L100621,AccountantFirm,COL,AE09,2026-06-05 15:00:00,2026-06-09 15:00:00,Closed Won,Partner Hub,447.78,0,447.78,0,6,0,
D00624,L100624,SMB,COL,AE02,2026-04-26 10:00:00,2026-05-09 10:00:00,Closed Lost,Growth,125.79,5,119.5,0,12,0,No response after proposal
D00628,L100628,AccountantFirm,COL,AE08,2026-07-05 00:00:00,2026-07-15 00:00:00,Closed Won,Scale,272.22,0,272.22,0,6,1,
D00629,L100629,SMB,PER,AE01,2026-07-15 11:00:00,2026-07-29 11:00:00,Closed Lost,Start,60.21,0,60.21,0,1,1,Chose competitor
D00641,L100641,AccountantFirm,MEX,AE09,2026-02-27 20:00:00,2026-03-11 20:00:00,Closed Won,Accounting Suite,91.07,0,91.07,0,1,0,
D00642,L100642,SMB,MEX,AE01,2026-05-27 20:00:00,2026-06-05 20:00:00,Closed Lost,Accounting Suite,149.18,15,126.8,0,12,1,Too expensive
D00648,L100648,AccountantFirm,COL,AE08,2026-02-16 19:00:00,2026-03-01 19:00:00,Closed Lost,Accounting Suite,191.28,10,172.15,0,12,0,Too expensive
D00656,L100656,SMB,MEX,AE02,2026-05-11 00:00:00,2026-05-17 00:00:00,Closed Lost,Accounting Suite,142.96,0,142.96,0,3,1,Chose competitor
D00664,L100664,AccountantFirm,PER,AE07,2026-03-07 18:00:00,2026-03-09 18:00:00,Closed Lost,Scale,111.76,0,111.76,0,1,0,No response after proposal
D00669,L100669,AccountantFirm,COL,AE08,2026-02-11 21:00:00,2026-02-18 21:00:00,Closed Won,Partner Hub,554.95,0,554.95,0,3,0,
D00673,L100673,AccountantFirm,COL,AE09,2026-02-10 20:00:00,2026-02-16 20:00:00,Closed Won,Accounting Suite,124.92,0,124.92,0,3,0,
D00692,L100692,SMB,COL,AE01,2026-04-29 00:00:00,2026-05-12 00:00:00,Closed Lost,Scale,29.0,0,29.0,0,12,1,Too expensive
D00701,L100701,SMB,DOM,AE04,2026-04-09 16:00:00,2026-04-12 16:00:00,Closed Lost,Growth,87.87,0,87.87,0,3,1,Too expensive
D00710,L100710,AccountantFirm,PER,AE09,2026-03-25 16:00:00,2026-03-30 16:00:00,Closed Lost,Scale,126.13,10,113.52,0,3,1,Missing feature
D00714,L100714,AccountantFirm,COL,AE09,2026-02-13 16:00:00,2026-02-17 16:00:00,Closed Won,Accounting Suite,247.36,0,247.36,0,6,1,
D00719,L100719,AccountantFirm,DOM,AE09,2026-06-07 08:00:00,2026-06-17 08:00:00,Closed Lost,Accounting Suite,55.52,0,55.52,0,12,1,Chose competitor
D00722,L100722,SMB,DOM,AE01,2026-04-02 12:00:00,2026-04-06 12:00:00,Closed Lost,Start,31.33,10,28.19,0,3,1,Chose competitor
D00739,L100739,SMB,PER,AE03,2026-06-17 12:00:00,2026-06-23 12:00:00,Closed Lost,Start,245.83,0,245.83,0,1,1,Too expensive
D00756,L100756,SMB,COL,AE02,2026-01-18 11:00:00,2026-02-01 11:00:00,Closed Lost,Growth,150.18,0,150.18,0,1,1,Timing / no budget
D00773,L100773,SMB,MEX,AE03,2026-07-05 12:00:00,2026-07-08 12:00:00,Closed Lost,Start,75.17,0,75.17,0,1,1,Missing feature
D00775,L100775,SMB,COL,AE02,2026-01-26 20:00:00,2026-02-07 20:00:00,Closed Lost,Scale,29.0,0,29.0,0,1,1,Too expensive
D00777,L100777,AccountantFirm,DOM,AE09,2026-03-05 14:00:00,2026-03-16 14:00:00,Closed Won,Partner Hub,175.79,5,167.0,0,1,0,
D00779,L100779,SMB,COL,AE03,2026-02-16 00:00:00,2026-03-01 00:00:00,Closed Lost,Growth,163.7,0,163.7,0,1,0,Too expensive
D00794,L100794,SMB,MEX,AE06,2026-06-18 14:00:00,2026-06-22 14:00:00,Closed Lost,Growth,65.92,0,65.92,0,1,1,Too expensive
D00800,L100800,AccountantFirm,PER,AE08,2026-03-20 15:00:00,2026-03-27 15:00:00,Closed Won,Partner Hub,360.32,10,324.29,0,6,0,
D00802,L100802,AccountantFirm,PER,AE07,2026-03-03 00:00:00,2026-03-07 00:00:00,Closed Won,Accounting Suite,279.13,0,279.13,0,1,1,
D00805,L100805,AccountantFirm,COL,AE08,2026-06-19 21:00:00,2026-06-30 21:00:00,Closed Won,Accounting Suite,141.22,0,141.22,0,12,1,
D00818,L100818,SMB,MEX,AE03,2026-02-19 08:00:00,2026-02-28 08:00:00,Closed Lost,Growth,35.82,0,35.82,0,3,1,Missing feature
D00823,L100823,SMB,COL,AE02,2026-06-04 21:00:00,2026-06-09 21:00:00,Closed Lost,Growth,544.48,0,544.48,0,12,0,Chose competitor
D00829,L100829,AccountantFirm,COL,AE07,2026-02-27 11:00:00,2026-03-05 11:00:00,Closed Won,Accounting Suite,153.17,0,153.17,0,1,0,
D00830,L100830,AccountantFirm,MEX,AE09,2026-06-15 12:00:00,2026-06-27 12:00:00,Closed Lost,Accounting Suite,546.23,0,546.23,0,12,1,Timing / no budget
D00839,L100839,SMB,MEX,AE06,2026-07-13 05:00:00,2026-07-18 05:00:00,Closed Lost,Start,55.83,15,47.45,0,12,1,Timing / no budget
D00845,L100845,SMB,PER,AE05,2026-05-21 14:00:00,2026-05-31 14:00:00,Closed Won,Start,46.36,10,41.72,0,1,0,
D00853,L100853,SMB,COL,AE03,2026-02-17 00:00:00,2026-03-03 00:00:00,Closed Won,Start,42.08,0,42.08,0,6,1,
D00860,L100860,AccountantFirm,COL,AE09,2026-05-11 15:00:00,2026-05-24 15:00:00,Closed Lost,Partner Hub,506.99,0,506.99,0,1,1,Too expensive
D00864,L100864,SMB,COL,AE02,2026-03-12 21:00:00,2026-03-14 21:00:00,Closed Lost,Growth,62.62,0,62.62,0,12,0,Timing / no budget
D00871,L100871,SMB,COL,AE03,2026-07-24 19:00:00,2026-08-05 19:00:00,Closed Lost,Scale,52.46,15,44.59,0,6,0,Timing / no budget
D00873,L100873,SMB,COL,AE05,2026-03-27 18:00:00,2026-04-07 18:00:00,Closed Lost,Growth,141.45,30,99.02,1,12,1,Missing feature
D00892,L100892,AccountantFirm,COL,AE08,2026-07-13 00:00:00,2026-07-17 00:00:00,Closed Won,Accounting Suite,385.38,20,308.3,0,1,1,
D00896,L100896,SMB,CRI,AE04,2026-02-09 15:00:00,2026-02-17 15:00:00,Closed Lost,Start,31.28,0,31.28,0,3,1,No response after proposal
D00902,L100902,SMB,MEX,AE05,2026-04-15 17:00:00,2026-04-19 17:00:00,Closed Won,Scale,358.71,0,358.71,0,1,1,
D00909,L100909,SMB,MEX,AE02,2026-02-27 21:00:00,2026-03-08 21:00:00,Closed Won,Scale,34.99,0,34.99,0,3,1,
D00925,L100925,SMB,CRI,AE06,2026-04-26 13:00:00,2026-05-01 13:00:00,Closed Won,Growth,29.0,0,29.0,0,3,1,
D00930,L100930,AccountantFirm,COL,AE07,2026-05-05 08:00:00,2026-05-10 08:00:00,Closed Won,Accounting Suite,549.83,0,549.83,0,12,1,
D00938,L100938,AccountantFirm,MEX,AE07,2026-02-27 19:00:00,2026-03-02 19:00:00,Closed Won,Accounting Suite,238.2,20,190.56,0,1,1,
D00939,L100939,AccountantFirm,CRI,AE09,2026-04-20 16:00:00,2026-05-01 16:00:00,Closed Won,Accounting Suite,579.95,0,579.95,0,3,0,
D00944,L100944,SMB,PER,AE02,2026-07-21 17:00:00,2026-07-25 17:00:00,Closed Lost,Start,169.99,0,169.99,0,1,1,No response after proposal
D00954,L100954,AccountantFirm,COL,AE08,2026-05-28 17:00:00,2026-06-01 17:00:00,Closed Lost,Accounting Suite,239.9,0,239.9,0,1,0,No response after proposal
D00963,L100963,AccountantFirm,PER,AE08,2026-04-28 19:00:00,2026-04-30 19:00:00,Closed Lost,Accounting Suite,223.79,0,223.79,0,6,1,Timing / no budget
D00971,L100971,AccountantFirm,COL,AE08,2026-02-08 21:00:00,2026-02-10 21:00:00,Closed Won,Accounting Suite,231.73,15,196.97,0,12,1,
D00978,L100978,SMB,MEX,AE01,2026-06-07 13:00:00,2026-06-10 13:00:00,Closed Lost,Scale,174.13,0,174.13,0,12,0,Too expensive
D00986,L100986,AccountantFirm,PER,AE08,2026-05-31 19:00:00,2026-06-12 19:00:00,Closed Lost,Partner Hub,239.34,0,239.34,0,3,1,Too expensive
D00992,L100992,AccountantFirm,PER,AE09,2026-02-24 09:00:00,2026-02-27 09:00:00,Closed Won,Partner Hub,247.71,0,247.71,0,3,0,
D00998,L100998,SMB,PER,AE01,2026-04-19 20:00:00,2026-04-28 20:00:00,Closed Lost,Growth,207.93,5,197.54,0,1,1,Too expensive
D01006,L101006,SMB,MEX,AE01,2026-06-01 19:00:00,2026-06-13 19:00:00,Closed Lost,Start,61.58,15,52.35,0,12,1,Too expensive
D01015,L101015,AccountantFirm,COL,AE08,2026-01-24 14:00:00,2026-01-26 14:00:00,Closed Won,Accounting Suite,313.94,0,313.94,0,3,1,
D01019,L101019,SMB,CRI,AE06,2026-04-20 23:00:00,2026-05-03 23:00:00,Closed Won,Scale,237.67,0,237.67,0,12,1,
D01037,L101037,SMB,COL,AE04,2026-04-23 14:00:00,2026-04-26 14:00:00,Closed Lost,Growth,181.02,0,181.02,0,12,1,Too expensive
D01047,L101047,AccountantFirm,COL,AE08,2026-04-24 18:00:00,2026-05-06 18:00:00,Closed Lost,Accounting Suite,117.91,0,117.91,0,3,1,Missing feature
D01055,L101055,SMB,DOM,AE04,2026-01-19 17:00:00,2026-01-25 17:00:00,Closed Lost,Accounting Suite,110.55,15,93.97,0,6,1,Timing / no budget
D01075,L101075,SMB,CRI,AE01,2026-05-15 19:00:00,2026-05-20 19:00:00,Closed Won,Accounting Suite,62.47,0,62.47,0,6,1,
D01082,L101082,AccountantFirm,COL,AE09,2026-06-04 19:00:00,2026-06-14 19:00:00,Closed Won,Scale,175.44,0,175.44,0,3,1,
D01090,L101090,AccountantFirm,COL,AE07,2026-03-25 13:00:00,2026-03-29 13:00:00,Closed Won,Scale,129.94,0,129.94,0,1,1,
D01091,L101091,AccountantFirm,PER,AE09,2026-04-24 12:00:00,2026-05-01 12:00:00,Closed Lost,Scale,611.46,5,580.89,0,12,1,No response after proposal
D01092,L101092,SMB,DOM,AE02,2026-04-29 18:00:00,2026-05-12 18:00:00,Closed Lost,Scale,50.72,0,50.72,0,1,0,Too expensive
D01094,L101094,SMB,DOM,AE06,2026-05-26 11:00:00,2026-06-01 11:00:00,Closed Lost,Growth,43.58,0,43.58,0,3,0,Timing / no budget
D01096,L101096,SMB,MEX,AE06,2026-04-01 16:00:00,2026-04-06 16:00:00,Closed Lost,Start,29.0,0,29.0,0,1,1,Too expensive
D01100,L101100,SMB,PER,AE06,2026-03-23 21:00:00,2026-04-04 21:00:00,Closed Lost,Start,30.14,0,30.14,0,1,0,No response after proposal
D01102,L101102,AccountantFirm,MEX,AE08,2026-02-08 00:00:00,2026-02-22 00:00:00,Closed Lost,Accounting Suite,427.83,0,427.83,0,6,0,Too expensive
D01103,L101103,AccountantFirm,DOM,AE08,2026-06-19 09:00:00,2026-06-29 09:00:00,Closed Lost,Scale,83.76,0,83.76,0,3,1,No response after proposal
D01104,L101104,AccountantFirm,COL,AE09,2026-03-29 19:00:00,2026-04-07 19:00:00,Closed Won,Partner Hub,370.41,0,370.41,0,1,1,
D01107,L101107,SMB,CRI,AE02,2026-04-16 00:00:00,2026-04-30 00:00:00,Closed Lost,Start,44.98,5,42.73,0,1,1,No response after proposal
D01108,L101108,AccountantFirm,PER,AE07,2026-06-22 18:00:00,2026-07-05 18:00:00,Closed Lost,Accounting Suite,167.85,0,167.85,0,12,1,Timing / no budget
D01119,L101119,SMB,COL,AE02,2026-02-14 01:00:00,2026-02-28 01:00:00,Closed Lost,Scale,52.33,0,52.33,0,1,1,Too expensive
D01120,L101120,AccountantFirm,DOM,AE09,2026-01-23 00:00:00,2026-01-30 00:00:00,Closed Won,Scale,62.6,0,62.6,0,3,1,
D01127,L101127,SMB,MEX,AE05,2026-07-08 14:00:00,2026-07-18 14:00:00,Closed Lost,Growth,342.0,15,290.7,0,1,1,Too expensive
D01129,L101129,SMB,DOM,AE06,2026-04-15 19:00:00,2026-04-27 19:00:00,Closed Lost,Growth,199.54,10,179.59,0,1,1,No response after proposal
D01132,L101132,SMB,DOM,AE05,2026-02-14 00:00:00,2026-02-22 00:00:00,Closed Lost,Growth,143.93,0,143.93,0,12,1,Chose competitor
D01135,L101135,SMB,DOM,AE04,2026-01-23 14:00:00,2026-02-05 14:00:00,Closed Lost,Scale,41.83,0,41.83,0,3,0,Timing / no budget
D01144,L101144,AccountantFirm,MEX,AE08,2026-06-13 19:00:00,2026-06-27 19:00:00,Closed Lost,Accounting Suite,368.72,0,368.72,0,1,0,Missing feature
D01152,L101152,AccountantFirm,DOM,AE07,2026-04-22 08:00:00,2026-04-29 08:00:00,Closed Lost,Partner Hub,56.87,0,56.87,0,1,1,Timing / no budget
D01154,L101154,AccountantFirm,MEX,AE07,2026-03-15 21:00:00,2026-03-25 21:00:00,Closed Lost,Accounting Suite,346.87,0,346.87,0,1,0,Timing / no budget
D01162,L101162,SMB,MEX,AE01,2026-04-21 10:00:00,2026-04-25 10:00:00,Closed Lost,Growth,219.88,0,219.88,0,1,1,Chose competitor
D01163,L101163,SMB,PER,AE04,2026-06-03 13:00:00,2026-06-09 13:00:00,Closed Lost,Scale,33.56,10,30.21,0,6,1,Timing / no budget
D01164,L101164,SMB,COL,AE02,2026-06-15 15:00:00,2026-06-18 15:00:00,Closed Lost,Start,35.79,0,35.79,0,1,0,No response after proposal
D01173,L101173,SMB,PER,AE01,2026-07-14 03:00:00,2026-07-16 03:00:00,Closed Lost,Scale,216.24,0,216.24,0,12,1,Timing / no budget
D01177,L101177,SMB,COL,AE03,2026-06-04 10:00:00,2026-06-08 10:00:00,Closed Won,Start,190.87,0,190.87,0,1,1,
D01192,L101192,AccountantFirm,CRI,AE07,2026-06-25 10:00:00,2026-06-28 10:00:00,Closed Lost,Partner Hub,391.96,5,372.37,0,12,1,No response after proposal
D01203,L101203,SMB,COL,AE06,2026-04-26 00:00:00,2026-05-09 00:00:00,Closed Lost,Start,41.73,0,41.73,0,6,0,Timing / no budget
D01209,L101209,SMB,PER,AE03,2026-06-15 11:00:00,2026-06-19 11:00:00,Closed Lost,Growth,65.67,0,65.67,0,3,1,No response after proposal
D01211,L101211,AccountantFirm,MEX,AE09,2026-02-01 16:00:00,2026-02-09 16:00:00,Closed Lost,Partner Hub,203.62,0,203.62,0,3,0,Timing / no budget
D01212,L101212,SMB,COL,AE06,2026-01-26 00:00:00,2026-02-01 00:00:00,Closed Won,Growth,238.64,0,238.64,0,3,0,
D01223,L101223,SMB,COL,AE01,2026-06-09 21:00:00,2026-06-18 21:00:00,Closed Won,Scale,64.03,0,64.03,0,12,1,
D01224,L101224,SMB,MEX,AE05,2026-01-24 15:00:00,2026-02-03 15:00:00,Closed Won,Accounting Suite,72.86,10,65.58,0,3,1,
D01260,L101260,AccountantFirm,CRI,AE07,2026-06-28 08:00:00,2026-07-12 08:00:00,Closed Won,Partner Hub,339.27,0,339.27,0,1,0,
D01263,L101263,SMB,DOM,AE05,2026-05-15 10:00:00,2026-05-18 10:00:00,Closed Lost,Start,146.55,0,146.55,0,1,0,Too expensive
D01270,L101270,SMB,MEX,AE04,2026-07-01 16:00:00,2026-07-08 16:00:00,Closed Lost,Growth,52.63,10,47.37,0,3,1,Timing / no budget
D01284,L101284,SMB,MEX,AE02,2026-06-10 00:00:00,2026-06-20 00:00:00,Closed Lost,Scale,29.0,0,29.0,0,3,1,Too expensive
D01286,L101286,SMB,MEX,AE03,2026-05-11 11:00:00,2026-05-22 11:00:00,Closed Lost,Growth,111.02,0,111.02,0,1,1,Too expensive
D01296,L101296,AccountantFirm,MEX,AE08,2026-01-27 16:00:00,2026-02-08 16:00:00,Closed Lost,Accounting Suite,453.72,0,453.72,0,1,1,Missing feature
D01301,L101301,SMB,COL,AE03,2026-04-28 11:00:00,2026-05-08 11:00:00,Closed Won,Growth,40.41,0,40.41,0,6,0,
D01306,L101306,SMB,MEX,AE04,2026-01-31 18:00:00,2026-02-13 18:00:00,Closed Lost,Growth,47.1,0,47.1,0,3,1,No response after proposal
D01323,L101323,SMB,MEX,AE01,2026-06-01 13:00:00,2026-06-05 13:00:00,Closed Won,Start,29.0,0,29.0,0,1,1,
D01330,L101330,AccountantFirm,COL,AE09,2026-03-29 14:00:00,2026-04-01 14:00:00,Closed Lost,Scale,157.21,0,157.21,0,6,0,Chose competitor
D01332,L101332,SMB,MEX,AE06,2026-04-26 15:00:00,2026-05-01 15:00:00,Closed Won,Start,89.53,0,89.53,0,1,1,
D01333,L101333,SMB,COL,AE03,2026-03-16 12:00:00,2026-03-25 12:00:00,Closed Won,Start,196.74,0,196.74,0,12,1,
D01351,L101351,SMB,CRI,AE03,2026-02-11 18:00:00,2026-02-20 18:00:00,Closed Lost,Start,109.18,0,109.18,0,12,0,Missing feature
D01361,L101361,AccountantFirm,CRI,AE08,2026-06-04 15:00:00,2026-06-09 15:00:00,Closed Lost,Partner Hub,107.58,0,107.58,0,12,1,No response after proposal
D01362,L101362,AccountantFirm,DOM,AE07,2026-05-13 00:00:00,2026-05-15 00:00:00,Closed Lost,Scale,157.04,0,157.04,0,1,0,Chose competitor
D01369,L101369,SMB,MEX,AE06,2026-05-24 19:00:00,2026-06-02 19:00:00,Closed Won,Scale,42.87,0,42.87,0,12,1,
D01372,L101372,SMB,MEX,AE02,2026-05-22 18:00:00,2026-06-01 18:00:00,Closed Lost,Accounting Suite,60.5,5,57.48,0,1,1,Timing / no budget
D01391,L101391,SMB,CRI,AE04,2026-01-27 10:00:00,2026-02-02 10:00:00,Closed Won,Growth,91.39,0,91.39,0,12,0,
D01407,L101407,SMB,COL,AE01,2026-03-23 15:00:00,2026-04-06 15:00:00,Closed Lost,Scale,92.5,0,92.5,0,1,0,Too expensive
D01414,L101414,AccountantFirm,MEX,AE08,2026-06-17 18:00:00,2026-06-23 18:00:00,Closed Lost,Scale,543.31,0,543.31,0,12,1,Too expensive
D01432,L101432,AccountantFirm,MEX,AE09,2026-02-19 11:00:00,2026-02-22 11:00:00,Closed Won,Accounting Suite,228.98,0,228.98,0,1,1,
D01439,L101439,SMB,MEX,AE04,2026-03-29 18:00:00,2026-04-01 18:00:00,Closed Lost,Scale,56.36,20,45.09,1,6,0,Timing / no budget
D01442,L101442,SMB,PER,AE05,2026-05-03 18:00:00,2026-05-09 18:00:00,Closed Won,Growth,50.3,0,50.3,0,12,1,
D01454,L101454,SMB,PER,AE06,2026-06-19 16:00:00,2026-07-01 16:00:00,Closed Won,Scale,169.77,0,169.77,0,1,1,
D01472,L101472,AccountantFirm,COL,AE09,2026-03-10 00:00:00,2026-03-23 00:00:00,Closed Lost,Partner Hub,549.59,0,549.59,0,1,1,Timing / no budget
D01477,L101477,AccountantFirm,COL,AE09,2026-01-18 00:00:00,2026-01-23 00:00:00,Closed Lost,Scale,344.94,15,293.2,0,6,0,No response after proposal
D01484,L101484,AccountantFirm,MEX,AE08,2026-05-31 16:00:00,2026-06-10 16:00:00,Closed Lost,Accounting Suite,1186.96,0,1186.96,0,12,1,Chose competitor
D01488,L101488,SMB,PER,AE04,2026-02-13 09:00:00,2026-02-15 09:00:00,Closed Won,Start,35.79,0,35.79,0,12,1,
D01489,L101489,SMB,PER,AE04,2026-04-28 15:00:00,2026-05-07 15:00:00,Closed Lost,Start,145.6,0,145.6,0,1,1,Timing / no budget
D01502,L101502,AccountantFirm,MEX,AE08,2026-07-02 00:00:00,2026-07-05 00:00:00,Closed Won,Accounting Suite,60.74,5,57.71,0,3,1,
D01507,L101507,SMB,DOM,AE06,2026-03-15 17:00:00,2026-03-18 17:00:00,Closed Won,Start,29.0,0,29.0,0,6,0,
D01510,L101510,AccountantFirm,MEX,AE08,2026-04-25 14:00:00,2026-05-04 14:00:00,Closed Lost,Accounting Suite,446.46,0,446.46,0,6,1,No response after proposal
D01512,L101512,AccountantFirm,COL,AE08,2026-07-12 16:00:00,2026-07-24 16:00:00,Closed Lost,Accounting Suite,1034.12,0,1034.12,0,6,1,No response after proposal
D01516,L101516,SMB,COL,AE05,2026-02-09 18:00:00,2026-02-22 18:00:00,Closed Lost,Start,58.49,0,58.49,0,6,1,Too expensive
D01525,L101525,SMB,MEX,AE06,2026-05-08 19:00:00,2026-05-12 19:00:00,Closed Won,Growth,56.35,0,56.35,0,12,1,
D01530,L101530,SMB,DOM,AE03,2026-05-25 15:00:00,2026-06-07 15:00:00,Closed Lost,Scale,57.96,0,57.96,0,3,0,No response after proposal
D01534,L101534,SMB,MEX,AE06,2026-06-26 17:00:00,2026-07-09 17:00:00,Closed Won,Accounting Suite,81.31,0,81.31,0,12,1,
D01548,L101548,SMB,COL,AE04,2026-06-23 18:00:00,2026-06-25 18:00:00,Closed Lost,Growth,107.19,0,107.19,0,1,1,Too expensive
D01552,L101552,AccountantFirm,COL,AE07,2026-02-21 12:00:00,2026-03-03 12:00:00,Closed Lost,Partner Hub,143.04,0,143.04,0,6,1,Chose competitor
D01562,L101562,SMB,COL,AE03,2026-06-09 00:00:00,2026-06-15 00:00:00,Closed Lost,Start,66.18,0,66.18,0,6,0,No response after proposal
D01568,L101568,SMB,DOM,AE01,2026-07-08 08:00:00,2026-07-22 08:00:00,Closed Won,Scale,29.0,0,29.0,0,1,1,
D01570,L101570,AccountantFirm,PER,AE09,2026-05-01 18:00:00,2026-05-14 18:00:00,Closed Lost,Partner Hub,146.83,0,146.83,0,6,0,No response after proposal
D01578,L101578,AccountantFirm,DOM,AE08,2026-02-23 13:00:00,2026-03-04 13:00:00,Closed Won,Partner Hub,71.9,0,71.9,0,6,1,
D01587,L101587,SMB,PER,AE04,2026-01-23 13:00:00,2026-02-03 13:00:00,Closed Lost,Scale,72.15,0,72.15,0,6,0,Chose competitor
D01588,L101588,SMB,MEX,AE01,2026-04-12 11:00:00,2026-04-20 11:00:00,Closed Lost,Start,55.77,0,55.77,0,1,0,Timing / no budget
D01591,L101591,AccountantFirm,MEX,AE08,2026-03-23 18:00:00,2026-04-01 18:00:00,Closed Won,Partner Hub,790.71,0,790.71,0,1,0,
D01596,L101596,SMB,COL,AE05,2026-02-26 20:00:00,2026-03-04 20:00:00,Closed Lost,Accounting Suite,75.63,0,75.63,0,3,1,Too expensive
D01603,L101603,AccountantFirm,MEX,AE09,2026-06-29 08:00:00,2026-07-02 08:00:00,Closed Won,Accounting Suite,870.04,0,870.04,0,3,1,
D01613,L101613,AccountantFirm,MEX,AE07,2026-05-26 20:00:00,2026-05-28 20:00:00,Closed Lost,Scale,80.35,0,80.35,0,6,0,Too expensive
D01616,L101616,SMB,COL,AE05,2026-06-11 00:00:00,2026-06-13 00:00:00,Closed Lost,Accounting Suite,34.48,0,34.48,0,1,1,Too expensive
D01619,L101619,AccountantFirm,MEX,AE09,2026-06-08 12:00:00,2026-06-16 12:00:00,Closed Lost,Partner Hub,501.03,0,501.03,0,1,0,Too expensive
D01627,L101627,AccountantFirm,MEX,AE09,2026-01-24 00:00:00,2026-02-06 00:00:00,Closed Won,Partner Hub,369.45,15,314.04,0,1,1,
D01631,L101631,AccountantFirm,MEX,AE09,2026-04-25 18:00:00,2026-05-08 18:00:00,Closed Won,Accounting Suite,212.93,15,180.99,0,1,1,
D01634,L101634,AccountantFirm,COL,AE09,2026-06-29 15:00:00,2026-07-08 15:00:00,Closed Lost,Partner Hub,107.0,0,107.0,0,1,1,No response after proposal
D01649,L101649,SMB,MEX,AE04,2026-03-06 10:00:00,2026-03-15 10:00:00,Closed Lost,Start,140.1,0,140.1,0,1,0,No response after proposal
D01656,L101656,SMB,DOM,AE01,2026-03-31 19:00:00,2026-04-06 19:00:00,Closed Lost,Accounting Suite,43.55,0,43.55,0,6,1,No response after proposal
D01659,L101659,AccountantFirm,DOM,AE09,2026-06-02 20:00:00,2026-06-11 20:00:00,Closed Lost,Partner Hub,296.26,0,296.26,0,1,1,Too expensive
D01660,L101660,SMB,MEX,AE01,2026-05-15 18:00:00,2026-05-27 18:00:00,Closed Won,Growth,318.08,5,302.18,0,6,1,
D01666,L101666,SMB,MEX,AE02,2026-02-07 21:00:00,2026-02-16 21:00:00,Closed Lost,Start,43.77,0,43.77,0,6,0,Missing feature
D01667,L101667,AccountantFirm,COL,AE07,2026-06-16 17:00:00,2026-06-23 17:00:00,Closed Won,Accounting Suite,398.44,0,398.44,0,12,0,
D01675,L101675,AccountantFirm,DOM,AE09,2026-02-08 08:00:00,2026-02-21 08:00:00,Closed Won,Partner Hub,66.87,0,66.87,0,6,1,
D01677,L101677,SMB,MEX,AE03,2026-06-29 15:00:00,2026-07-01 15:00:00,Closed Lost,Accounting Suite,175.17,0,175.17,0,3,1,Too expensive
D01689,L101689,AccountantFirm,PER,AE09,2026-01-25 12:00:00,2026-02-06 12:00:00,Closed Won,Partner Hub,278.31,0,278.31,0,12,0,
D01693,L101693,AccountantFirm,PER,AE08,2026-03-30 17:00:00,2026-04-02 17:00:00,Closed Won,Accounting Suite,206.53,15,175.55,0,6,1,
D01699,L101699,SMB,MEX,AE02,2026-04-02 14:00:00,2026-04-11 14:00:00,Closed Won,Start,86.2,0,86.2,0,1,0,
D01704,L101704,AccountantFirm,DOM,AE07,2026-04-28 19:00:00,2026-05-05 19:00:00,Closed Lost,Partner Hub,320.31,0,320.31,0,12,0,Timing / no budget
D01721,L101721,SMB,MEX,AE04,2026-02-08 14:00:00,2026-02-16 14:00:00,Closed Lost,Growth,81.47,0,81.47,0,12,0,Missing feature
D01732,L101732,AccountantFirm,DOM,AE07,2026-02-23 16:00:00,2026-03-08 16:00:00,Closed Won,Partner Hub,270.75,0,270.75,0,3,0,
D01807,L101807,SMB,DOM,AE06,2026-03-26 19:00:00,2026-04-09 19:00:00,Closed Won,Growth,61.23,0,61.23,0,6,1,
D01810,L101810,SMB,CRI,AE02,2026-06-22 14:00:00,2026-07-04 14:00:00,Closed Lost,Start,129.28,0,129.28,0,12,0,Timing / no budget
D01827,L101827,SMB,PER,AE06,2026-03-03 08:00:00,2026-03-17 08:00:00,Closed Won,Start,61.04,0,61.04,0,6,0,
D01835,L101835,SMB,COL,AE02,2026-04-07 21:00:00,2026-04-19 21:00:00,Closed Won,Scale,159.09,0,159.09,0,12,1,
D01838,L101838,SMB,DOM,AE02,2026-07-03 12:00:00,2026-07-05 12:00:00,Closed Lost,Scale,106.98,0,106.98,0,6,0,No response after proposal
D01843,L101843,AccountantFirm,COL,AE07,2026-06-30 14:00:00,2026-07-08 14:00:00,Closed Won,Accounting Suite,121.28,0,121.28,0,12,0,
D01848,L101848,SMB,COL,AE01,2026-05-30 17:00:00,2026-06-13 17:00:00,Closed Lost,Growth,198.49,0,198.49,0,12,0,Timing / no budget
D01852,L101852,AccountantFirm,MEX,AE07,2026-03-14 18:00:00,2026-03-20 18:00:00,Closed Lost,Scale,398.4,5,378.48,0,1,1,Timing / no budget
D01855,L101855,AccountantFirm,PER,AE07,2026-07-16 21:00:00,2026-07-23 21:00:00,Closed Won,Scale,372.7,0,372.7,0,1,1,
D01857,L101857,AccountantFirm,COL,AE09,2026-07-04 15:00:00,2026-07-14 15:00:00,Closed Lost,Partner Hub,366.62,0,366.62,0,12,1,Too expensive
D01863,L101863,SMB,MEX,AE01,2026-04-21 09:00:00,2026-04-23 09:00:00,Closed Won,Accounting Suite,38.82,0,38.82,0,1,1,
D01873,L101873,SMB,COL,AE04,2026-02-17 12:00:00,2026-03-03 12:00:00,Closed Won,Accounting Suite,93.62,20,74.89,0,1,1,
D01877,L101877,SMB,COL,AE05,2026-04-25 11:00:00,2026-04-27 11:00:00,Closed Lost,Growth,60.96,10,54.86,0,3,1,Chose competitor
D01887,L101887,SMB,COL,AE02,2026-03-12 17:00:00,2026-03-23 17:00:00,Closed Lost,Growth,36.51,30,25.56,1,3,0,Too expensive
D01890,L101890,SMB,COL,AE05,2026-03-25 00:00:00,2026-04-01 00:00:00,Closed Lost,Start,93.75,25,70.32,1,6,0,Too expensive
D01891,L101891,AccountantFirm,CRI,AE09,2026-02-19 19:00:00,2026-03-01 19:00:00,Closed Won,Partner Hub,625.24,15,531.45,0,3,1,
D01893,L101893,SMB,DOM,AE06,2026-07-04 16:00:00,2026-07-13 16:00:00,Closed Lost,Start,202.86,0,202.86,0,1,1,Too expensive
D01895,L101895,AccountantFirm,MEX,AE09,2026-03-24 11:00:00,2026-04-05 11:00:00,Closed Won,Partner Hub,835.81,0,835.81,0,3,1,
D01902,L101902,SMB,PER,AE03,2026-04-27 20:00:00,2026-05-01 20:00:00,Closed Won,Scale,29.0,0,29.0,0,1,1,
D01904,L101904,SMB,MEX,AE03,2026-05-18 18:00:00,2026-05-27 18:00:00,Closed Won,Growth,124.35,0,124.35,0,12,1,
D01906,L101906,SMB,COL,AE06,2026-06-23 00:00:00,2026-07-06 00:00:00,Closed Lost,Growth,62.16,0,62.16,0,3,1,Timing / no budget
D01939,L101939,AccountantFirm,COL,AE07,2026-05-07 18:00:00,2026-05-21 18:00:00,Closed Lost,Scale,150.59,0,150.59,0,1,0,Missing feature
D01949,L101949,AccountantFirm,COL,AE08,2026-04-06 12:00:00,2026-04-14 12:00:00,Closed Lost,Accounting Suite,460.77,0,460.77,0,12,0,Timing / no budget
D01954,L101954,AccountantFirm,MEX,AE07,2026-06-08 00:00:00,2026-06-12 00:00:00,Closed Won,Accounting Suite,446.14,0,446.14,0,12,0,
D01955,L101955,AccountantFirm,DOM,AE07,2026-05-10 20:00:00,2026-05-19 20:00:00,Closed Lost,Accounting Suite,704.58,0,704.58,0,12,0,Too expensive
D01974,L101974,AccountantFirm,MEX,AE07,2026-05-05 13:00:00,2026-05-07 13:00:00,Closed Lost,Accounting Suite,100.75,5,95.71,0,12,1,Chose competitor
D01985,L101985,SMB,DOM,AE04,2026-04-18 19:00:00,2026-04-20 19:00:00,Closed Lost,Start,29.0,0,29.0,0,3,1,No response after proposal
D01986,L101986,SMB,COL,AE06,2026-03-14 18:00:00,2026-03-23 18:00:00,Closed Won,Accounting Suite,73.08,0,73.08,0,12,1,
D01989,L101989,SMB,COL,AE06,2026-06-07 17:00:00,2026-06-20 17:00:00,Closed Lost,Start,249.96,0,249.96,0,1,1,Timing / no budget
D01995,L101995,SMB,MEX,AE03,2026-05-18 14:00:00,2026-05-21 14:00:00,Closed Lost,Growth,39.27,5,37.31,0,12,1,Timing / no budget
D01998,L101998,SMB,COL,AE06,2026-04-01 16:00:00,2026-04-05 16:00:00,Closed Lost,Accounting Suite,29.0,5,27.55,0,3,1,Too expensive
D01999,L101999,AccountantFirm,PER,AE08,2026-07-15 14:00:00,2026-07-24 14:00:00,Closed Won,Accounting Suite,996.96,0,996.96,0,12,1,
D02000,L102000,SMB,MEX,AE04,2026-06-01 19:00:00,2026-06-12 19:00:00,Closed Won,Growth,69.08,0,69.08,0,3,1,
D02016,L102016,SMB,DOM,AE05,2026-02-25 20:00:00,2026-03-10 20:00:00,Closed Won,Growth,509.24,0,509.24,0,1,1,
D02019,L102019,AccountantFirm,CRI,AE08,2026-03-27 09:00:00,2026-04-07 09:00:00,Closed Won,Scale,204.83,0,204.83,0,3,0,
D02020,L102020,SMB,MEX,AE01,2026-05-30 08:00:00,2026-06-01 08:00:00,Closed Lost,Start,60.54,0,60.54,0,6,1,No response after proposal
D02039,L102039,AccountantFirm,COL,AE09,2026-02-23 10:00:00,2026-03-07 10:00:00,Closed Lost,Accounting Suite,100.46,0,100.46,0,3,0,No response after proposal
D02061,L102061,AccountantFirm,COL,AE09,2026-03-05 09:00:00,2026-03-16 09:00:00,Closed Won,Partner Hub,481.86,0,481.86,0,1,0,
D02065,L102065,AccountantFirm,COL,AE07,2026-06-03 12:00:00,2026-06-12 12:00:00,Closed Won,Accounting Suite,547.04,0,547.04,0,12,1,
D02079,L102079,SMB,MEX,AE02,2026-04-13 15:00:00,2026-04-21 15:00:00,Closed Lost,Start,61.75,0,61.75,0,1,1,Timing / no budget
D02091,L102091,SMB,COL,AE01,2026-04-15 20:00:00,2026-04-22 20:00:00,Closed Lost,Accounting Suite,209.12,0,209.12,0,12,0,Chose competitor
D02097,L102097,SMB,COL,AE06,2026-03-11 00:00:00,2026-03-20 00:00:00,Closed Won,Growth,78.53,20,62.83,1,12,1,
D02099,L102099,AccountantFirm,DOM,AE07,2026-05-08 17:00:00,2026-05-19 17:00:00,Closed Lost,Accounting Suite,176.14,0,176.14,0,12,1,No response after proposal
D02109,L102109,SMB,COL,AE05,2026-06-23 14:00:00,2026-06-29 14:00:00,Closed Won,Scale,50.77,15,43.16,0,3,1,
D02113,L102113,SMB,PER,AE02,2026-06-25 08:00:00,2026-06-28 08:00:00,Closed Lost,Start,212.23,0,212.23,0,12,1,Timing / no budget
D02115,L102115,AccountantFirm,CRI,AE09,2026-07-09 09:00:00,2026-07-20 09:00:00,Closed Won,Scale,133.72,5,127.03,0,6,0,
D02119,L102119,SMB,CRI,AE02,2026-06-10 20:00:00,2026-06-18 20:00:00,Closed Won,Growth,29.0,0,29.0,0,3,1,
D02121,L102121,AccountantFirm,DOM,AE07,2026-06-13 10:00:00,2026-06-21 10:00:00,Closed Lost,Accounting Suite,104.48,0,104.48,0,1,0,No response after proposal
D02131,L102131,SMB,MEX,AE05,2026-03-12 20:00:00,2026-03-15 20:00:00,Closed Lost,Growth,96.2,0,96.2,0,12,1,No response after proposal
D02135,L102135,AccountantFirm,COL,AE09,2026-05-11 18:00:00,2026-05-20 18:00:00,Closed Won,Accounting Suite,274.28,0,274.28,0,1,0,
D02149,L102149,SMB,DOM,AE03,2026-03-19 12:00:00,2026-03-31 12:00:00,Closed Lost,Start,152.89,0,152.89,0,3,1,Timing / no budget
D02150,L102150,SMB,CRI,AE06,2026-04-22 10:00:00,2026-04-24 10:00:00,Closed Won,Scale,42.54,0,42.54,0,6,1,
D02176,L102176,SMB,COL,AE01,2026-05-13 14:00:00,2026-05-25 14:00:00,Closed Lost,Start,174.46,0,174.46,0,1,0,Missing feature
D02185,L102185,SMB,COL,AE05,2026-07-09 20:00:00,2026-07-13 20:00:00,Closed Lost,Start,219.95,0,219.95,0,1,1,Too expensive
D02186,L102186,AccountantFirm,COL,AE09,2026-02-28 17:00:00,2026-03-02 17:00:00,Closed Lost,Accounting Suite,410.83,5,390.28,0,12,0,Too expensive
D02192,L102192,SMB,DOM,AE03,2026-04-30 14:00:00,2026-05-03 14:00:00,Closed Lost,Start,29.0,0,29.0,0,1,1,Too expensive
D02194,L102194,SMB,COL,AE06,2026-02-16 15:00:00,2026-02-24 15:00:00,Closed Lost,Growth,29.0,0,29.0,0,1,0,Too expensive
D02195,L102195,SMB,COL,AE03,2026-04-04 19:00:00,2026-04-16 19:00:00,Closed Won,Growth,47.1,0,47.1,0,1,1,
D02198,L102198,SMB,COL,AE01,2026-03-10 00:00:00,2026-03-22 00:00:00,Closed Won,Growth,164.93,25,123.7,1,1,0,
D02202,L102202,AccountantFirm,DOM,AE08,2026-06-12 20:00:00,2026-06-19 20:00:00,Closed Won,Accounting Suite,105.63,0,105.63,0,1,0,
D02210,L102210,SMB,DOM,AE06,2026-02-06 14:00:00,2026-02-13 14:00:00,Closed Won,Growth,48.01,0,48.01,0,12,1,
D02215,L102215,SMB,DOM,AE02,2026-07-06 11:00:00,2026-07-20 11:00:00,Closed Lost,Start,70.68,20,56.54,0,1,1,No response after proposal
D02221,L102221,SMB,PER,AE03,2026-04-17 08:00:00,2026-04-21 08:00:00,Closed Won,Growth,529.93,0,529.93,0,1,0,
D02222,L102222,AccountantFirm,DOM,AE08,2026-03-06 13:00:00,2026-03-13 13:00:00,Closed Won,Accounting Suite,342.59,0,342.59,0,1,1,
D02232,L102232,SMB,PER,AE04,2026-07-07 13:00:00,2026-07-21 13:00:00,Closed Lost,Accounting Suite,211.94,5,201.35,0,3,1,Too expensive
D02236,L102236,AccountantFirm,COL,AE08,2026-04-08 16:00:00,2026-04-19 16:00:00,Closed Won,Accounting Suite,191.31,0,191.31,0,12,1,
D02244,L102244,SMB,PER,AE01,2026-03-06 13:00:00,2026-03-11 13:00:00,Closed Won,Accounting Suite,91.74,0,91.74,0,1,1,
D02257,L102257,AccountantFirm,DOM,AE09,2026-01-31 15:00:00,2026-02-04 15:00:00,Closed Lost,Accounting Suite,179.06,0,179.06,0,6,0,No response after proposal
D02258,L102258,AccountantFirm,CRI,AE09,2026-04-23 13:00:00,2026-05-01 13:00:00,Closed Won,Accounting Suite,347.99,10,313.19,0,1,0,
D02279,L102279,AccountantFirm,COL,AE07,2026-06-21 12:00:00,2026-07-05 12:00:00,Closed Lost,Scale,326.29,0,326.29,0,3,0,Timing / no budget
D02296,L102296,AccountantFirm,COL,AE07,2026-04-22 00:00:00,2026-05-06 00:00:00,Closed Lost,Accounting Suite,58.39,0,58.39,0,12,0,Chose competitor
D02298,L102298,SMB,COL,AE03,2026-05-29 16:00:00,2026-06-06 16:00:00,Closed Lost,Growth,338.67,0,338.67,0,1,1,Chose competitor
D02304,L102304,SMB,COL,AE02,2026-05-14 19:00:00,2026-05-18 19:00:00,Closed Lost,Growth,43.26,0,43.26,0,3,1,Chose competitor
D02305,L102305,AccountantFirm,MEX,AE09,2026-03-01 17:00:00,2026-03-05 17:00:00,Closed Lost,Accounting Suite,1228.17,0,1228.17,0,1,0,Timing / no budget
D02313,L102313,AccountantFirm,COL,AE08,2026-02-20 14:00:00,2026-03-05 14:00:00,Closed Won,Accounting Suite,297.77,0,297.77,0,12,1,
D02317,L102317,SMB,MEX,AE04,2026-06-15 00:00:00,2026-06-22 00:00:00,Closed Lost,Accounting Suite,29.0,5,27.55,0,1,1,Too expensive
D02320,L102320,AccountantFirm,COL,AE08,2026-05-20 00:00:00,2026-05-23 00:00:00,Closed Lost,Partner Hub,157.45,0,157.45,0,1,1,Missing feature
D02331,L102331,SMB,COL,AE05,2026-06-30 19:00:00,2026-07-08 19:00:00,Closed Won,Start,43.81,0,43.81,0,3,1,
D02334,L102334,SMB,MEX,AE03,2026-07-09 09:00:00,2026-07-14 09:00:00,Closed Lost,Accounting Suite,83.33,0,83.33,0,6,0,Too expensive
D02344,L102344,SMB,COL,AE06,2026-03-13 18:00:00,2026-03-17 18:00:00,Closed Won,Accounting Suite,87.8,0,87.8,0,1,0,
D02356,L102356,SMB,COL,AE01,2026-05-02 18:00:00,2026-05-06 18:00:00,Closed Lost,Accounting Suite,33.51,0,33.51,0,1,1,No response after proposal
D02373,L102373,SMB,DOM,AE02,2026-04-04 10:00:00,2026-04-10 10:00:00,Closed Won,Start,150.59,0,150.59,0,12,0,
D02384,L102384,SMB,MEX,AE04,2026-06-28 21:00:00,2026-07-12 21:00:00,Closed Lost,Accounting Suite,704.48,0,704.48,0,6,0,No response after proposal
D02385,L102385,SMB,COL,AE06,2026-01-24 11:00:00,2026-02-02 11:00:00,Closed Lost,Growth,29.0,10,26.1,0,1,0,No response after proposal
D02393,L102393,AccountantFirm,CRI,AE08,2026-05-11 12:00:00,2026-05-21 12:00:00,Closed Lost,Partner Hub,397.18,0,397.18,0,1,1,No response after proposal
D02415,L102415,SMB,COL,AE01,2026-03-02 00:00:00,2026-03-04 00:00:00,Closed Lost,Start,29.0,0,29.0,0,12,1,Timing / no budget
D02424,L102424,SMB,PER,AE04,2026-02-11 21:00:00,2026-02-19 21:00:00,Closed Lost,Scale,34.66,0,34.66,0,3,0,No response after proposal
D02425,L102425,SMB,PER,AE06,2026-02-02 21:00:00,2026-02-15 21:00:00,Closed Won,Growth,38.66,0,38.66,0,12,1,
D02437,L102437,AccountantFirm,COL,AE08,2026-03-11 11:00:00,2026-03-15 11:00:00,Closed Won,Scale,917.93,0,917.93,0,3,0,
D02444,L102444,SMB,PER,AE06,2026-01-29 21:00:00,2026-02-05 21:00:00,Closed Won,Start,94.62,5,89.89,0,12,1,
D02456,L102456,SMB,PER,AE04,2026-02-28 16:00:00,2026-03-10 16:00:00,Closed Lost,Growth,56.18,0,56.18,0,6,1,Chose competitor
D02457,L102457,AccountantFirm,COL,AE08,2026-06-26 13:00:00,2026-06-29 13:00:00,Closed Won,Partner Hub,93.9,15,79.82,0,1,1,
D02471,L102471,AccountantFirm,MEX,AE08,2026-03-22 09:00:00,2026-03-27 09:00:00,Closed Lost,Partner Hub,772.91,0,772.91,0,1,1,Missing feature
D02483,L102483,SMB,COL,AE03,2026-05-02 13:00:00,2026-05-08 13:00:00,Closed Lost,Start,32.15,0,32.15,0,1,1,Missing feature
D02485,L102485,AccountantFirm,MEX,AE08,2026-04-22 19:00:00,2026-04-27 19:00:00,Closed Won,Partner Hub,854.24,10,768.82,0,1,0,
D02487,L102487,SMB,DOM,AE03,2026-07-09 18:00:00,2026-07-13 18:00:00,Closed Lost,Growth,503.62,0,503.62,0,12,1,Too expensive
D02493,L102493,SMB,CRI,AE03,2026-05-10 19:00:00,2026-05-24 19:00:00,Closed Lost,Growth,31.14,15,26.47,0,1,0,Timing / no budget
D02501,L102501,AccountantFirm,MEX,AE08,2026-02-08 11:00:00,2026-02-10 11:00:00,Closed Lost,Accounting Suite,235.58,20,188.46,0,12,1,Too expensive
D02510,L102510,SMB,PER,AE03,2026-04-11 10:00:00,2026-04-20 10:00:00,Closed Lost,Accounting Suite,79.63,0,79.63,0,12,1,Chose competitor
D02530,L102530,SMB,DOM,AE01,2026-04-05 18:00:00,2026-04-19 18:00:00,Closed Lost,Start,90.37,0,90.37,0,1,1,Too expensive
D02537,L102537,SMB,COL,AE02,2026-03-23 20:00:00,2026-03-27 20:00:00,Closed Lost,Accounting Suite,29.0,0,29.0,0,12,0,No response after proposal
D02538,L102538,AccountantFirm,COL,AE08,2026-04-20 00:00:00,2026-04-26 00:00:00,Closed Lost,Accounting Suite,306.2,0,306.2,0,3,0,Too expensive
D02541,L102541,SMB,MEX,AE06,2026-02-24 14:00:00,2026-02-27 14:00:00,Closed Lost,Growth,238.54,0,238.54,0,12,1,Too expensive
D02547,L102547,SMB,DOM,AE06,2026-02-24 06:00:00,2026-02-28 06:00:00,Closed Lost,Growth,79.71,10,71.74,0,1,1,Missing feature
D02549,L102549,SMB,MEX,AE02,2026-05-07 15:00:00,2026-05-11 15:00:00,Closed Lost,Accounting Suite,73.35,0,73.35,0,1,1,Too expensive
D02550,L102550,SMB,COL,AE06,2026-06-15 20:00:00,2026-06-23 20:00:00,Closed Lost,Start,550.65,0,550.65,0,6,1,Too expensive
D02562,L102562,SMB,COL,AE03,2026-07-10 03:00:00,2026-07-21 03:00:00,Closed Lost,Accounting Suite,35.69,0,35.69,0,12,1,No response after proposal
D02563,L102563,SMB,DOM,AE03,2026-01-28 21:00:00,2026-02-04 21:00:00,Closed Lost,Start,76.05,0,76.05,0,12,0,Too expensive
D02565,L102565,SMB,MEX,AE01,2026-07-10 10:00:00,2026-07-12 10:00:00,Closed Lost,Scale,263.66,0,263.66,0,1,1,Chose competitor
D02570,L102570,SMB,MEX,AE03,2026-07-17 15:00:00,2026-07-28 15:00:00,Closed Lost,Start,178.24,15,151.51,0,1,1,Missing feature
D02574,L102574,SMB,COL,AE06,2026-05-11 09:00:00,2026-05-13 09:00:00,Closed Won,Start,29.0,20,23.2,0,1,1,
D02576,L102576,SMB,MEX,AE02,2026-07-13 18:00:00,2026-07-19 18:00:00,Closed Won,Start,85.98,0,85.98,0,12,1,
D02592,L102592,SMB,DOM,AE02,2026-05-14 20:00:00,2026-05-28 20:00:00,Closed Won,Growth,29.0,20,23.2,0,3,1,
D02601,L102601,SMB,MEX,AE02,2026-05-11 17:00:00,2026-05-19 17:00:00,Closed Lost,Accounting Suite,35.9,0,35.9,0,12,1,Timing / no budget
D02603,L102603,AccountantFirm,COL,AE08,2026-03-04 10:00:00,2026-03-12 10:00:00,Closed Lost,Partner Hub,512.35,0,512.35,0,6,1,Chose competitor
D02604,L102604,AccountantFirm,DOM,AE08,2026-05-23 14:00:00,2026-06-05 14:00:00,Closed Won,Scale,495.74,0,495.74,0,1,0,
D02606,L102606,SMB,MEX,AE03,2026-04-06 20:00:00,2026-04-13 20:00:00,Closed Won,Start,76.42,10,68.78,0,3,1,
D02607,L102607,SMB,COL,AE02,2026-06-12 21:00:00,2026-06-17 21:00:00,Closed Won,Start,82.05,0,82.05,0,1,1,
D02610,L102610,SMB,PER,AE04,2026-03-11 14:00:00,2026-03-15 14:00:00,Closed Won,Growth,403.14,0,403.14,0,1,1,
D02611,L102611,SMB,PER,AE02,2026-05-04 15:00:00,2026-05-08 15:00:00,Closed Won,Growth,46.99,20,37.59,0,3,1,
D02624,L102624,SMB,PER,AE01,2026-05-10 18:00:00,2026-05-13 18:00:00,Closed Won,Start,70.89,0,70.89,0,1,0,
D02629,L102629,SMB,MEX,AE01,2026-06-17 11:00:00,2026-06-29 11:00:00,Closed Lost,Scale,76.41,0,76.41,0,3,1,Timing / no budget
D02643,L102643,AccountantFirm,COL,AE09,2026-04-03 20:00:00,2026-04-13 20:00:00,Closed Won,Accounting Suite,57.24,15,48.65,0,1,1,
D02655,L102655,AccountantFirm,CRI,AE08,2026-07-01 16:00:00,2026-07-08 16:00:00,Closed Lost,Accounting Suite,583.54,0,583.54,0,6,0,No response after proposal
D02659,L102659,AccountantFirm,COL,AE09,2026-04-24 07:00:00,2026-04-26 07:00:00,Closed Won,Partner Hub,228.64,0,228.64,0,12,1,
D02662,L102662,SMB,DOM,AE06,2026-04-16 10:00:00,2026-04-22 10:00:00,Closed Lost,Start,47.23,0,47.23,0,12,1,Timing / no budget
D02669,L102669,AccountantFirm,MEX,AE09,2026-03-27 16:00:00,2026-04-08 16:00:00,Closed Lost,Partner Hub,913.15,0,913.15,0,1,0,Chose competitor
D02672,L102672,SMB,CRI,AE02,2026-02-17 12:00:00,2026-02-27 12:00:00,Closed Lost,Start,295.28,0,295.28,0,1,1,No response after proposal
D02692,L102692,SMB,PER,AE01,2026-03-02 17:00:00,2026-03-15 17:00:00,Closed Won,Start,391.71,0,391.71,0,1,0,
D02700,L102700,AccountantFirm,DOM,AE07,2026-07-21 21:00:00,2026-07-31 21:00:00,Closed Lost,Accounting Suite,250.41,0,250.41,0,1,1,Timing / no budget
D02706,L102706,SMB,DOM,AE03,2026-02-08 15:00:00,2026-02-11 15:00:00,Closed Lost,Scale,291.77,0,291.77,0,1,1,No response after proposal
D02711,L102711,AccountantFirm,MEX,AE08,2026-05-01 16:00:00,2026-05-13 16:00:00,Closed Lost,Accounting Suite,81.72,10,73.55,0,6,1,Too expensive
D02714,L102714,SMB,MEX,AE02,2026-04-15 12:00:00,2026-04-26 12:00:00,Closed Lost,Start,195.59,0,195.59,0,3,1,No response after proposal
D02715,L102715,AccountantFirm,COL,AE08,2026-07-18 09:00:00,2026-07-21 09:00:00,Closed Won,Partner Hub,203.82,0,203.82,0,6,1,
D02724,L102724,AccountantFirm,COL,AE08,2026-04-02 10:00:00,2026-04-15 10:00:00,Closed Won,Scale,765.75,0,765.75,0,12,0,
D02728,L102728,AccountantFirm,PER,AE08,2026-06-10 14:00:00,2026-06-15 14:00:00,Closed Lost,Accounting Suite,385.16,0,385.16,0,3,0,No response after proposal
D02729,L102729,SMB,MEX,AE04,2026-06-29 19:00:00,2026-07-01 19:00:00,Closed Lost,Start,295.13,0,295.13,0,1,1,No response after proposal
D02741,L102741,AccountantFirm,COL,AE08,2026-07-14 14:00:00,2026-07-28 14:00:00,Closed Lost,Partner Hub,172.18,10,154.96,0,1,0,Timing / no budget
D02743,L102743,SMB,MEX,AE04,2026-05-12 09:00:00,2026-05-18 09:00:00,Closed Lost,Start,70.85,20,56.68,0,12,1,No response after proposal
D02745,L102745,SMB,MEX,AE03,2026-04-13 12:00:00,2026-04-23 12:00:00,Closed Lost,Scale,45.24,20,36.19,0,12,1,No response after proposal
D02755,L102755,AccountantFirm,MEX,AE09,2026-03-02 18:00:00,2026-03-05 18:00:00,Closed Won,Accounting Suite,704.52,0,704.52,0,1,1,
D02761,L102761,SMB,COL,AE03,2026-02-09 18:00:00,2026-02-13 18:00:00,Closed Lost,Accounting Suite,85.41,0,85.41,0,3,1,Chose competitor
D02770,L102770,SMB,MEX,AE03,2026-05-14 18:00:00,2026-05-17 18:00:00,Closed Lost,Scale,205.34,0,205.34,0,1,1,Timing / no budget
D02786,L102786,SMB,COL,AE05,2026-04-15 20:00:00,2026-04-28 20:00:00,Closed Won,Accounting Suite,441.86,0,441.86,0,6,0,
D02791,L102791,SMB,PER,AE03,2026-04-21 19:00:00,2026-05-02 19:00:00,Closed Won,Accounting Suite,82.23,0,82.23,0,12,1,
D02795,L102795,AccountantFirm,PER,AE09,2026-03-27 17:00:00,2026-04-10 17:00:00,Closed Won,Partner Hub,103.72,0,103.72,0,12,1,
D02796,L102796,SMB,MEX,AE05,2026-02-23 16:00:00,2026-03-08 16:00:00,Closed Lost,Growth,31.64,0,31.64,0,1,1,Missing feature
D02811,L102811,AccountantFirm,MEX,AE08,2026-01-23 15:00:00,2026-01-30 15:00:00,Closed Won,Partner Hub,304.03,5,288.83,0,6,1,
D02817,L102817,AccountantFirm,DOM,AE08,2026-07-21 12:00:00,2026-07-29 12:00:00,Closed Won,Accounting Suite,202.78,0,202.78,0,1,0,
D02828,L102828,SMB,COL,AE03,2026-05-03 11:00:00,2026-05-12 11:00:00,Closed Lost,Scale,195.57,0,195.57,0,1,1,No response after proposal
D02836,L102836,AccountantFirm,CRI,AE09,2026-02-18 00:00:00,2026-02-24 00:00:00,Closed Won,Accounting Suite,209.97,0,209.97,0,1,0,
D02838,L102838,AccountantFirm,DOM,AE09,2026-03-28 09:00:00,2026-04-04 09:00:00,Closed Won,Partner Hub,88.84,0,88.84,0,12,1,
D02859,L102859,AccountantFirm,CRI,AE07,2026-03-07 19:00:00,2026-03-14 19:00:00,Closed Won,Scale,117.02,0,117.02,0,12,1,
D02861,L102861,SMB,MEX,AE03,2026-04-15 17:00:00,2026-04-23 17:00:00,Closed Lost,Start,75.68,0,75.68,0,6,1,Timing / no budget
D02867,L102867,AccountantFirm,CRI,AE08,2026-06-09 00:00:00,2026-06-17 00:00:00,Closed Won,Accounting Suite,440.62,20,352.5,0,3,0,
D02879,L102879,SMB,PER,AE02,2026-04-06 18:00:00,2026-04-09 18:00:00,Closed Lost,Start,149.5,0,149.5,0,3,1,Chose competitor
D02881,L102881,AccountantFirm,DOM,AE07,2026-03-03 13:00:00,2026-03-06 13:00:00,Closed Won,Partner Hub,134.0,0,134.0,0,3,0,
D02884,L102884,SMB,MEX,AE01,2026-06-30 00:00:00,2026-07-11 00:00:00,Closed Lost,Growth,33.03,15,28.08,0,6,1,No response after proposal
D02885,L102885,SMB,MEX,AE05,2026-02-12 00:00:00,2026-02-21 00:00:00,Closed Lost,Scale,597.82,0,597.82,0,6,1,Too expensive
D02896,L102896,SMB,COL,AE06,2026-01-20 00:00:00,2026-01-26 00:00:00,Closed Lost,Start,78.44,0,78.44,0,1,1,No response after proposal
D02904,L102904,AccountantFirm,COL,AE09,2026-04-18 10:00:00,2026-04-26 10:00:00,Closed Won,Scale,116.69,20,93.35,0,1,1,
D02910,L102910,SMB,MEX,AE01,2026-06-10 09:00:00,2026-06-18 09:00:00,Closed Won,Scale,370.59,5,352.06,0,6,0,
D02913,L102913,AccountantFirm,PER,AE09,2026-02-26 15:00:00,2026-03-04 15:00:00,Closed Won,Partner Hub,323.47,5,307.3,0,3,1,
D02924,L102924,SMB,COL,AE02,2026-03-21 10:00:00,2026-04-02 10:00:00,Closed Lost,Start,29.0,0,29.0,0,1,0,Chose competitor
D02925,L102925,SMB,DOM,AE06,2026-04-15 13:00:00,2026-04-23 13:00:00,Closed Lost,Growth,46.96,0,46.96,0,12,1,Missing feature
D02934,L102934,SMB,DOM,AE03,2026-07-02 19:00:00,2026-07-13 19:00:00,Closed Won,Scale,159.85,10,143.87,0,1,1,
D02935,L102935,SMB,COL,AE06,2026-04-10 00:00:00,2026-04-21 00:00:00,Closed Won,Scale,615.3,0,615.3,0,1,1,
D02942,L102942,AccountantFirm,CRI,AE09,2026-03-11 21:00:00,2026-03-25 21:00:00,Closed Won,Scale,538.42,0,538.42,0,1,1,
D02951,L102951,AccountantFirm,DOM,AE09,2026-04-03 21:00:00,2026-04-07 21:00:00,Closed Won,Partner Hub,368.23,0,368.23,0,12,1,
D02952,L102952,AccountantFirm,MEX,AE08,2026-05-15 09:00:00,2026-05-21 09:00:00,Closed Won,Accounting Suite,528.08,15,448.86,0,3,0,
D02955,L102955,SMB,COL,AE04,2026-06-15 00:00:00,2026-06-26 00:00:00,Closed Lost,Start,84.92,0,84.92,0,1,1,No response after proposal
D02964,L102964,AccountantFirm,CRI,AE08,2026-05-17 08:00:00,2026-05-27 08:00:00,Closed Won,Partner Hub,212.54,0,212.54,0,3,1,
D02978,L102978,SMB,MEX,AE03,2026-05-04 16:00:00,2026-05-07 16:00:00,Closed Won,Growth,204.96,0,204.96,0,3,1,
D02979,L102979,SMB,COL,AE03,2026-02-16 00:00:00,2026-03-02 00:00:00,Closed Won,Scale,42.0,0,42.0,0,3,1,
D02981,L102981,SMB,COL,AE05,2026-07-15 16:00:00,2026-07-18 16:00:00,Closed Lost,Growth,68.47,0,68.47,0,6,1,Too expensive
D02990,L102990,AccountantFirm,DOM,AE07,2026-02-20 12:00:00,2026-02-25 12:00:00,Closed Lost,Accounting Suite,105.89,20,84.71,0,1,0,Too expensive
D03012,L103012,SMB,DOM,AE01,2026-06-19 15:00:00,2026-06-28 15:00:00,Closed Lost,Scale,55.83,10,50.24,0,1,1,No response after proposal
D03023,L103023,AccountantFirm,MEX,AE07,2026-06-21 20:00:00,2026-07-02 20:00:00,Closed Lost,Scale,67.49,0,67.49,0,12,1,No response after proposal
D03029,L103029,AccountantFirm,DOM,AE07,2026-03-04 00:00:00,2026-03-07 00:00:00,Closed Won,Scale,162.52,0,162.52,0,6,0,
D03039,L103039,SMB,COL,AE05,2026-03-05 13:00:00,2026-03-15 13:00:00,Closed Lost,Growth,103.67,15,88.12,1,6,1,Chose competitor
D03043,L103043,SMB,MEX,AE03,2026-03-23 10:00:00,2026-03-28 10:00:00,Closed Won,Scale,38.63,0,38.63,0,12,1,
D03047,L103047,SMB,PER,AE02,2026-02-11 00:00:00,2026-02-20 00:00:00,Closed Lost,Accounting Suite,401.21,0,401.21,0,6,0,Timing / no budget
D03057,L103057,SMB,PER,AE04,2026-06-12 16:00:00,2026-06-14 16:00:00,Closed Won,Growth,52.7,10,47.43,0,1,1,
D03073,L103073,AccountantFirm,COL,AE08,2026-07-10 19:00:00,2026-07-22 19:00:00,Closed Won,Scale,344.37,0,344.37,0,3,1,
D03080,L103080,AccountantFirm,COL,AE08,2026-05-26 21:00:00,2026-06-03 21:00:00,Closed Won,Scale,592.85,0,592.85,0,3,1,
D03083,L103083,AccountantFirm,DOM,AE07,2026-04-13 13:00:00,2026-04-16 13:00:00,Closed Won,Accounting Suite,662.23,0,662.23,0,12,1,
D03084,L103084,SMB,MEX,AE06,2026-04-07 00:00:00,2026-04-12 00:00:00,Closed Won,Start,42.43,0,42.43,0,12,0,
D03103,L103103,SMB,COL,AE06,2026-07-20 20:00:00,2026-08-01 20:00:00,Closed Lost,Accounting Suite,385.88,0,385.88,0,1,0,Timing / no budget
D03104,L103104,AccountantFirm,CRI,AE08,2026-05-20 08:00:00,2026-06-02 08:00:00,Closed Won,Accounting Suite,396.29,0,396.29,0,1,1,
D03132,L103132,SMB,PER,AE04,2026-06-07 17:00:00,2026-06-18 17:00:00,Closed Won,Accounting Suite,95.77,10,86.19,0,12,1,
D03140,L103140,SMB,PER,AE03,2026-06-05 11:00:00,2026-06-10 11:00:00,Closed Won,Accounting Suite,36.07,0,36.07,0,1,1,
D03143,L103143,AccountantFirm,MEX,AE09,2026-06-20 15:00:00,2026-06-28 15:00:00,Closed Lost,Accounting Suite,446.87,0,446.87,0,3,1,Missing feature
D03145,L103145,SMB,PER,AE02,2026-03-02 08:00:00,2026-03-04 08:00:00,Closed Lost,Accounting Suite,101.98,0,101.98,0,6,0,Too expensive
D03151,L103151,AccountantFirm,MEX,AE08,2026-05-14 00:00:00,2026-05-28 00:00:00,Closed Lost,Accounting Suite,403.77,0,403.77,0,12,1,Too expensive
D03160,L103160,AccountantFirm,PER,AE07,2026-05-04 15:00:00,2026-05-07 15:00:00,Closed Won,Accounting Suite,321.12,0,321.12,0,12,0,
D03175,L103175,AccountantFirm,PER,AE07,2026-06-21 13:00:00,2026-06-30 13:00:00,Closed Won,Partner Hub,440.71,0,440.71,0,3,1,
D03178,L103178,AccountantFirm,COL,AE07,2026-05-29 14:00:00,2026-06-05 14:00:00,Closed Won,Partner Hub,154.08,0,154.08,0,3,1,
D03182,L103182,AccountantFirm,PER,AE08,2026-03-24 00:00:00,2026-04-05 00:00:00,Closed Lost,Accounting Suite,198.73,0,198.73,0,12,0,Missing feature
D03187,L103187,SMB,PER,AE06,2026-03-01 18:00:00,2026-03-13 18:00:00,Closed Lost,Scale,235.96,0,235.96,0,1,1,No response after proposal
D03195,L103195,AccountantFirm,PER,AE08,2026-04-09 12:00:00,2026-04-14 12:00:00,Closed Won,Accounting Suite,214.37,10,192.93,0,6,0,
D03202,L103202,AccountantFirm,PER,AE08,2026-02-20 00:00:00,2026-02-25 00:00:00,Closed Won,Partner Hub,277.51,0,277.51,0,12,0,
D03209,L103209,AccountantFirm,MEX,AE07,2026-06-22 14:00:00,2026-07-05 14:00:00,Closed Lost,Accounting Suite,337.44,15,286.83,0,12,0,Chose competitor
D03216,L103216,SMB,COL,AE03,2026-02-22 00:00:00,2026-02-27 00:00:00,Closed Lost,Start,40.81,0,40.81,0,12,1,Timing / no budget
D03220,L103220,SMB,MEX,AE05,2026-03-14 20:00:00,2026-03-16 20:00:00,Closed Won,Growth,199.76,20,159.8,1,12,1,
D03223,L103223,AccountantFirm,COL,AE07,2026-03-10 00:00:00,2026-03-12 00:00:00,Closed Lost,Accounting Suite,257.67,15,219.02,0,1,1,Too expensive
D03243,L103243,SMB,PER,AE03,2026-07-10 11:00:00,2026-07-19 11:00:00,Closed Lost,Accounting Suite,74.02,0,74.02,0,6,1,Too expensive
D03263,L103263,AccountantFirm,MEX,AE08,2026-04-11 13:00:00,2026-04-13 13:00:00,Closed Lost,Partner Hub,313.17,0,313.17,0,12,1,Chose competitor
D03278,L103278,AccountantFirm,COL,AE07,2026-03-12 11:00:00,2026-03-25 11:00:00,Closed Lost,Partner Hub,173.38,0,173.38,0,6,0,Timing / no budget
D03281,L103281,SMB,MEX,AE05,2026-03-18 15:00:00,2026-03-22 15:00:00,Closed Won,Growth,31.53,30,22.07,1,1,0,
D03295,L103295,AccountantFirm,DOM,AE09,2026-06-04 09:00:00,2026-06-12 09:00:00,Closed Lost,Partner Hub,176.95,15,150.4,0,1,1,Chose competitor
D03298,L103298,SMB,COL,AE03,2026-02-07 11:00:00,2026-02-09 11:00:00,Closed Won,Start,29.0,0,29.0,0,1,0,
D03301,L103301,AccountantFirm,COL,AE09,2026-04-05 09:00:00,2026-04-12 09:00:00,Closed Won,Partner Hub,564.1,0,564.1,0,1,0,
D03303,L103303,AccountantFirm,COL,AE09,2026-07-01 09:00:00,2026-07-10 09:00:00,Closed Lost,Partner Hub,491.75,0,491.75,0,3,1,Missing feature
D03314,L103314,SMB,COL,AE04,2026-04-12 02:00:00,2026-04-22 02:00:00,Closed Won,Start,232.7,0,232.7,0,3,1,
D03318,L103318,SMB,DOM,AE06,2026-03-20 11:00:00,2026-03-22 11:00:00,Closed Won,Growth,34.73,0,34.73,0,6,1,
D03330,L103330,SMB,PER,AE06,2026-06-17 10:00:00,2026-06-20 10:00:00,Closed Lost,Growth,36.82,0,36.82,0,12,0,Chose competitor
D03346,L103346,AccountantFirm,PER,AE07,2026-06-14 21:00:00,2026-06-18 21:00:00,Closed Won,Partner Hub,250.79,0,250.79,0,1,1,
D03351,L103351,SMB,PER,AE06,2026-03-19 16:00:00,2026-03-23 16:00:00,Closed Lost,Start,46.05,0,46.05,0,6,1,Chose competitor
D03359,L103359,SMB,PER,AE02,2026-02-10 10:00:00,2026-02-16 10:00:00,Closed Lost,Growth,81.42,0,81.42,0,12,1,No response after proposal
D03361,L103361,AccountantFirm,COL,AE08,2026-04-09 11:00:00,2026-04-18 11:00:00,Closed Won,Partner Hub,150.94,0,150.94,0,1,1,
D03362,L103362,SMB,MEX,AE03,2026-05-04 16:00:00,2026-05-07 16:00:00,Closed Lost,Growth,29.0,15,24.65,0,1,1,Too expensive
D03390,L103390,AccountantFirm,MEX,AE07,2026-07-08 21:00:00,2026-07-21 21:00:00,Closed Won,Accounting Suite,122.88,0,122.88,0,1,1,
D03396,L103396,AccountantFirm,MEX,AE07,2026-04-26 20:00:00,2026-04-29 20:00:00,Closed Won,Scale,1213.45,5,1152.78,0,3,0,
D03401,L103401,AccountantFirm,DOM,AE07,2026-06-18 12:00:00,2026-07-01 12:00:00,Closed Lost,Accounting Suite,260.81,0,260.81,0,3,1,Chose competitor
D03407,L103407,AccountantFirm,DOM,AE09,2026-07-13 16:00:00,2026-07-27 16:00:00,Closed Won,Scale,411.06,0,411.06,0,1,0,
D03409,L103409,AccountantFirm,MEX,AE07,2026-02-02 15:00:00,2026-02-05 15:00:00,Closed Won,Accounting Suite,903.4,15,767.89,0,6,0,
D03450,L103450,SMB,COL,AE04,2026-01-25 16:00:00,2026-01-29 16:00:00,Closed Lost,Accounting Suite,129.88,0,129.88,0,6,1,No response after proposal
D03452,L103452,AccountantFirm,COL,AE09,2026-07-05 14:00:00,2026-07-18 14:00:00,Closed Won,Partner Hub,91.45,0,91.45,0,1,0,
D03453,L103453,SMB,COL,AE03,2026-06-25 19:00:00,2026-06-30 19:00:00,Closed Lost,Growth,122.54,0,122.54,0,6,1,Missing feature
D03476,L103476,AccountantFirm,CRI,AE08,2026-04-03 16:00:00,2026-04-12 16:00:00,Closed Lost,Partner Hub,64.96,0,64.96,0,1,0,Chose competitor
D03479,L103479,AccountantFirm,COL,AE08,2026-07-15 20:00:00,2026-07-17 20:00:00,Closed Won,Partner Hub,528.28,5,501.87,0,12,0,
D03505,L103505,AccountantFirm,MEX,AE08,2026-04-24 18:00:00,2026-05-02 18:00:00,Closed Won,Scale,113.75,0,113.75,0,1,0,
D03514,L103514,SMB,COL,AE05,2026-06-08 14:00:00,2026-06-17 14:00:00,Closed Won,Accounting Suite,208.06,0,208.06,0,3,1,
D03519,L103519,AccountantFirm,DOM,AE08,2026-03-23 18:00:00,2026-03-31 18:00:00,Closed Lost,Partner Hub,152.63,10,137.37,0,1,1,No response after proposal
D03523,L103523,AccountantFirm,COL,AE08,2026-06-22 13:00:00,2026-06-29 13:00:00,Closed Lost,Partner Hub,162.5,15,138.12,0,12,1,Missing feature
D03524,L103524,AccountantFirm,MEX,AE09,2026-06-23 21:00:00,2026-06-28 21:00:00,Closed Lost,Partner Hub,295.65,10,266.09,0,12,0,Too expensive
D03538,L103538,SMB,PER,AE05,2026-07-09 10:00:00,2026-07-20 10:00:00,Closed Lost,Start,149.68,0,149.68,0,1,1,Too expensive
D03543,L103543,AccountantFirm,COL,AE08,2026-04-26 21:00:00,2026-05-04 21:00:00,Closed Lost,Accounting Suite,381.55,0,381.55,0,1,0,Timing / no budget
D03549,L103549,SMB,PER,AE03,2026-05-09 00:00:00,2026-05-16 00:00:00,Closed Lost,Scale,54.45,0,54.45,0,6,0,Timing / no budget
D03559,L103559,SMB,COL,AE03,2026-02-04 00:00:00,2026-02-10 00:00:00,Closed Lost,Scale,65.04,0,65.04,0,1,1,Timing / no budget
D03569,L103569,AccountantFirm,CRI,AE08,2026-04-07 10:00:00,2026-04-17 10:00:00,Closed Won,Scale,119.21,0,119.21,0,1,0,
D03572,L103572,AccountantFirm,PER,AE07,2026-06-04 08:00:00,2026-06-17 08:00:00,Closed Won,Accounting Suite,460.61,0,460.61,0,12,0,
D03582,L103582,AccountantFirm,COL,AE09,2026-04-26 00:00:00,2026-04-28 00:00:00,Closed Won,Accounting Suite,824.12,0,824.12,0,6,0,
D03620,L103620,AccountantFirm,COL,AE07,2026-05-16 00:00:00,2026-05-26 00:00:00,Closed Won,Accounting Suite,181.23,0,181.23,0,12,0,
D03635,L103635,SMB,DOM,AE05,2026-02-24 14:00:00,2026-03-07 14:00:00,Closed Lost,Growth,434.51,0,434.51,0,1,1,No response after proposal
D03638,L103638,AccountantFirm,DOM,AE07,2026-02-24 21:00:00,2026-03-04 21:00:00,Closed Won,Scale,234.95,0,234.95,0,6,0,
D03674,L103674,SMB,MEX,AE04,2026-03-25 00:00:00,2026-03-29 00:00:00,Closed Lost,Start,113.66,15,96.61,1,1,0,Timing / no budget
D03675,L103675,SMB,MEX,AE06,2026-05-08 19:00:00,2026-05-20 19:00:00,Closed Lost,Start,74.22,0,74.22,0,3,1,Missing feature
D03676,L103676,SMB,DOM,AE03,2026-05-24 17:00:00,2026-05-27 17:00:00,Closed Lost,Start,29.0,20,23.2,0,6,1,Too expensive
D03677,L103677,AccountantFirm,PER,AE09,2026-06-26 19:00:00,2026-07-06 19:00:00,Closed Lost,Partner Hub,99.07,0,99.07,0,3,1,Timing / no budget
D03702,L103702,SMB,MEX,AE03,2026-05-19 08:00:00,2026-06-01 08:00:00,Closed Won,Growth,86.36,0,86.36,0,1,1,
D03707,L103707,AccountantFirm,COL,AE08,2026-04-29 16:00:00,2026-05-06 16:00:00,Closed Won,Partner Hub,231.91,0,231.91,0,3,0,
D03708,L103708,SMB,COL,AE02,2026-04-28 11:00:00,2026-05-06 11:00:00,Closed Lost,Start,41.63,0,41.63,0,3,1,Too expensive
D03713,L103713,AccountantFirm,CRI,AE08,2026-06-05 15:00:00,2026-06-15 15:00:00,Closed Lost,Scale,97.51,0,97.51,0,6,1,Too expensive
D03716,L103716,SMB,CRI,AE02,2026-04-03 08:00:00,2026-04-09 08:00:00,Closed Won,Accounting Suite,175.19,0,175.19,0,1,1,
D03718,L103718,SMB,DOM,AE05,2026-04-22 10:00:00,2026-04-30 10:00:00,Closed Lost,Growth,35.33,0,35.33,0,1,0,Too expensive
D03722,L103722,SMB,DOM,AE06,2026-04-26 15:00:00,2026-04-30 15:00:00,Closed Won,Start,60.82,0,60.82,0,3,0,
D03727,L103727,SMB,DOM,AE02,2026-03-06 15:00:00,2026-03-20 15:00:00,Closed Lost,Scale,32.93,0,32.93,0,12,0,Too expensive
D03736,L103736,SMB,COL,AE02,2026-02-09 20:00:00,2026-02-17 20:00:00,Closed Lost,Start,536.34,10,482.71,0,1,1,Chose competitor
D03737,L103737,AccountantFirm,COL,AE09,2026-03-01 13:00:00,2026-03-09 13:00:00,Closed Won,Partner Hub,115.14,10,103.63,0,1,0,
D03738,L103738,SMB,MEX,AE04,2026-03-20 19:00:00,2026-03-22 19:00:00,Closed Lost,Accounting Suite,237.37,25,178.03,1,6,1,Timing / no budget
D03739,L103739,SMB,MEX,AE02,2026-05-28 16:00:00,2026-06-03 16:00:00,Closed Lost,Start,29.0,0,29.0,0,1,0,Missing feature
D03743,L103743,AccountantFirm,CRI,AE09,2026-01-31 17:00:00,2026-02-03 17:00:00,Closed Lost,Scale,363.63,0,363.63,0,6,0,Timing / no budget
D03750,L103750,AccountantFirm,COL,AE09,2026-01-31 10:00:00,2026-02-09 10:00:00,Closed Lost,Accounting Suite,170.32,0,170.32,0,12,1,No response after proposal
D03753,L103753,SMB,MEX,AE04,2026-02-16 14:00:00,2026-03-02 14:00:00,Closed Lost,Scale,60.22,5,57.21,0,12,0,Missing feature
D03758,L103758,AccountantFirm,PER,AE07,2026-05-18 20:00:00,2026-05-24 20:00:00,Closed Won,Scale,78.18,0,78.18,0,1,0,
D03761,L103761,AccountantFirm,COL,AE09,2026-02-04 21:00:00,2026-02-11 21:00:00,Closed Won,Partner Hub,87.22,0,87.22,0,12,1,
D03764,L103764,SMB,COL,AE03,2026-05-04 17:00:00,2026-05-18 17:00:00,Closed Lost,Start,38.08,0,38.08,0,1,1,Missing feature
D03776,L103776,SMB,PER,AE06,2026-06-28 00:00:00,2026-07-10 00:00:00,Closed Won,Scale,29.7,0,29.7,0,3,1,
D03780,L103780,SMB,MEX,AE03,2026-02-04 00:00:00,2026-02-17 00:00:00,Closed Won,Growth,29.57,20,23.66,0,12,0,
D03784,L103784,AccountantFirm,MEX,AE09,2026-07-20 17:00:00,2026-07-23 17:00:00,Closed Won,Accounting Suite,284.6,20,227.68,0,12,0,
D03787,L103787,SMB,PER,AE04,2026-04-20 19:00:00,2026-05-03 19:00:00,Closed Lost,Start,29.0,0,29.0,0,12,0,Timing / no budget
D03805,L103805,SMB,COL,AE04,2026-04-08 16:00:00,2026-04-12 16:00:00,Closed Won,Accounting Suite,43.21,10,38.89,0,6,1,
D03834,L103834,AccountantFirm,MEX,AE08,2026-02-15 08:00:00,2026-02-26 08:00:00,Closed Lost,Partner Hub,206.65,0,206.65,0,1,1,No response after proposal
D03841,L103841,AccountantFirm,MEX,AE08,2026-07-04 11:00:00,2026-07-16 11:00:00,Closed Won,Accounting Suite,609.53,0,609.53,0,12,0,
D03842,L103842,AccountantFirm,DOM,AE09,2026-04-29 12:00:00,2026-05-04 12:00:00,Closed Won,Partner Hub,136.83,0,136.83,0,6,1,
D03849,L103849,AccountantFirm,COL,AE09,2026-01-16 15:00:00,2026-01-27 15:00:00,Closed Won,Partner Hub,96.26,0,96.26,0,3,0,
D03853,L103853,AccountantFirm,MEX,AE09,2026-07-15 20:00:00,2026-07-21 20:00:00,Closed Lost,Accounting Suite,252.73,0,252.73,0,1,0,Timing / no budget
D03858,L103858,AccountantFirm,CRI,AE07,2026-02-20 00:00:00,2026-03-05 00:00:00,Closed Won,Accounting Suite,104.01,0,104.01,0,1,0,
D03872,L103872,SMB,CRI,AE02,2026-04-17 18:00:00,2026-04-25 18:00:00,Closed Won,Growth,189.32,0,189.32,0,3,0,
D03877,L103877,AccountantFirm,COL,AE07,2026-02-14 09:00:00,2026-02-25 09:00:00,Closed Won,Partner Hub,979.32,0,979.32,0,1,0,
D03879,L103879,AccountantFirm,MEX,AE07,2026-06-06 09:00:00,2026-06-20 09:00:00,Closed Lost,Accounting Suite,172.79,20,138.23,0,12,0,Too expensive
D03886,L103886,AccountantFirm,MEX,AE08,2026-05-07 09:00:00,2026-05-12 09:00:00,Closed Won,Partner Hub,101.52,10,91.37,0,1,1,
D03892,L103892,SMB,PER,AE02,2026-01-25 20:00:00,2026-02-05 20:00:00,Closed Lost,Scale,37.03,0,37.03,0,3,0,Chose competitor
D03895,L103895,SMB,MEX,AE01,2026-03-05 21:00:00,2026-03-15 21:00:00,Closed Won,Accounting Suite,83.88,15,71.3,1,12,1,
D03902,L103902,SMB,COL,AE02,2026-05-02 09:00:00,2026-05-13 09:00:00,Closed Won,Growth,41.09,0,41.09,0,1,0,
D03906,L103906,SMB,COL,AE03,2026-07-13 00:00:00,2026-07-25 00:00:00,Closed Lost,Start,80.21,0,80.21,0,1,0,Missing feature
D03912,L103912,AccountantFirm,DOM,AE08,2026-06-09 00:00:00,2026-06-15 00:00:00,Closed Lost,Partner Hub,539.79,0,539.79,0,6,1,Timing / no budget
D03914,L103914,SMB,MEX,AE01,2026-05-06 11:00:00,2026-05-10 11:00:00,Closed Lost,Start,33.58,0,33.58,0,12,1,Timing / no budget
D03915,L103915,AccountantFirm,PER,AE09,2026-05-10 12:00:00,2026-05-18 12:00:00,Closed Won,Accounting Suite,105.71,5,100.42,0,1,1,
D03925,L103925,AccountantFirm,DOM,AE08,2026-02-23 15:00:00,2026-02-25 15:00:00,Closed Lost,Accounting Suite,557.31,0,557.31,0,1,0,Missing feature
D03941,L103941,SMB,COL,AE05,2026-03-25 21:00:00,2026-04-06 21:00:00,Closed Lost,Accounting Suite,45.23,0,45.23,0,3,1,Timing / no budget
D03943,L103943,SMB,MEX,AE01,2026-06-19 11:00:00,2026-07-03 11:00:00,Closed Lost,Accounting Suite,40.54,0,40.54,0,6,0,Chose competitor
D03949,L103949,SMB,COL,AE03,2026-04-24 19:00:00,2026-04-26 19:00:00,Closed Lost,Accounting Suite,38.37,0,38.37,0,3,1,Chose competitor
D03955,L103955,AccountantFirm,MEX,AE09,2026-01-31 09:00:00,2026-02-10 09:00:00,Closed Won,Accounting Suite,193.87,0,193.87,0,3,0,
D03967,L103967,AccountantFirm,DOM,AE09,2026-01-31 12:00:00,2026-02-11 12:00:00,Closed Won,Partner Hub,205.99,0,205.99,0,1,0,
D03971,L103971,SMB,COL,AE02,2026-02-11 17:00:00,2026-02-19 17:00:00,Closed Lost,Growth,765.7,0,765.7,0,1,0,Chose competitor
D03974,L103974,SMB,MEX,AE04,2026-05-25 16:00:00,2026-05-28 16:00:00,Closed Lost,Start,29.0,0,29.0,0,12,1,Timing / no budget
D03977,L103977,AccountantFirm,DOM,AE07,2026-04-22 17:00:00,2026-04-30 17:00:00,Closed Won,Accounting Suite,499.97,0,499.97,0,12,1,
D03978,L103978,SMB,DOM,AE04,2026-03-10 15:00:00,2026-03-12 15:00:00,Closed Lost,Start,63.98,0,63.98,0,1,1,Missing feature
D04002,L104002,SMB,COL,AE03,2026-06-24 00:00:00,2026-07-08 00:00:00,Closed Lost,Start,35.74,0,35.74,0,1,1,Timing / no budget
D04005,L104005,AccountantFirm,MEX,AE09,2026-05-01 10:00:00,2026-05-13 10:00:00,Closed Won,Partner Hub,296.89,0,296.89,0,6,1,
D04011,L104011,AccountantFirm,DOM,AE08,2026-04-01 12:00:00,2026-04-14 12:00:00,Closed Won,Accounting Suite,216.8,0,216.8,0,1,1,
D04013,L104013,SMB,PER,AE06,2026-04-04 20:00:00,2026-04-18 20:00:00,Closed Won,Start,29.0,0,29.0,0,1,1,
D04018,L104018,SMB,MEX,AE03,2026-06-12 00:00:00,2026-06-24 00:00:00,Closed Won,Start,42.25,0,42.25,0,3,1,
D04021,L104021,AccountantFirm,COL,AE07,2026-01-31 20:00:00,2026-02-10 20:00:00,Closed Won,Partner Hub,522.58,0,522.58,0,6,0,
D04045,L104045,SMB,DOM,AE01,2026-03-13 11:00:00,2026-03-26 11:00:00,Closed Lost,Accounting Suite,71.9,10,64.71,0,6,1,No response after proposal
D04047,L104047,SMB,MEX,AE04,2026-07-23 16:00:00,2026-08-05 16:00:00,Closed Won,Scale,41.92,5,39.82,0,3,1,
D04049,L104049,SMB,CRI,AE05,2026-01-14 00:00:00,2026-01-18 00:00:00,Closed Lost,Growth,165.09,0,165.09,0,1,0,Timing / no budget
D04051,L104051,SMB,COL,AE05,2026-04-13 21:00:00,2026-04-16 21:00:00,Closed Lost,Growth,87.86,0,87.86,0,3,0,No response after proposal
D04054,L104054,AccountantFirm,CRI,AE07,2026-04-30 10:00:00,2026-05-06 10:00:00,Closed Won,Accounting Suite,162.19,15,137.86,0,3,1,
D04056,L104056,AccountantFirm,PER,AE07,2026-01-26 15:00:00,2026-02-06 15:00:00,Closed Lost,Accounting Suite,223.48,0,223.48,0,1,0,Chose competitor
D04059,L104059,AccountantFirm,PER,AE07,2026-07-12 15:00:00,2026-07-22 15:00:00,Closed Won,Partner Hub,99.3,0,99.3,0,1,1,
D04060,L104060,AccountantFirm,COL,AE08,2026-03-07 12:00:00,2026-03-18 12:00:00,Closed Won,Scale,147.54,5,140.16,0,1,1,
D04064,L104064,SMB,COL,AE03,2026-03-06 09:00:00,2026-03-14 09:00:00,Closed Lost,Growth,146.51,25,109.88,1,1,1,Missing feature
D04065,L104065,AccountantFirm,MEX,AE08,2026-01-30 15:00:00,2026-02-11 15:00:00,Closed Lost,Partner Hub,824.33,0,824.33,0,3,1,Too expensive
D04092,L104092,SMB,MEX,AE05,2026-04-06 09:00:00,2026-04-19 09:00:00,Closed Won,Accounting Suite,46.71,0,46.71,0,3,0,
D04109,L104109,SMB,PER,AE06,2026-02-24 00:00:00,2026-03-08 00:00:00,Closed Won,Start,402.51,15,342.13,0,1,1,
D04116,L104116,SMB,COL,AE03,2026-03-26 00:00:00,2026-04-02 00:00:00,Closed Lost,Scale,122.71,25,92.03,1,12,0,No response after proposal
D04123,L104123,SMB,PER,AE05,2026-05-22 14:00:00,2026-05-30 14:00:00,Closed Lost,Growth,37.48,0,37.48,0,1,0,Timing / no budget
D04138,L104138,SMB,COL,AE04,2026-06-04 20:00:00,2026-06-14 20:00:00,Closed Lost,Growth,61.29,20,49.03,0,3,1,No response after proposal
D04147,L104147,SMB,COL,AE03,2026-05-30 12:00:00,2026-06-06 12:00:00,Closed Lost,Growth,55.46,0,55.46,0,12,1,Missing feature
D04149,L104149,SMB,COL,AE03,2026-02-18 15:00:00,2026-02-25 15:00:00,Closed Won,Start,84.1,0,84.1,0,1,1,
D04173,L104173,SMB,MEX,AE03,2026-05-13 21:00:00,2026-05-26 21:00:00,Closed Won,Accounting Suite,70.79,0,70.79,0,12,1,
D04184,L104184,SMB,COL,AE03,2026-06-08 16:00:00,2026-06-17 16:00:00,Closed Lost,Accounting Suite,29.0,0,29.0,0,1,0,Chose competitor
D04185,L104185,SMB,PER,AE05,2026-03-07 11:00:00,2026-03-20 11:00:00,Closed Won,Start,114.19,0,114.19,0,1,1,
D04192,L104192,AccountantFirm,COL,AE08,2026-03-18 16:00:00,2026-03-23 16:00:00,Closed Lost,Accounting Suite,800.24,0,800.24,0,1,1,Timing / no budget
D04200,L104200,AccountantFirm,MEX,AE08,2026-03-14 16:00:00,2026-03-21 16:00:00,Closed Lost,Accounting Suite,1256.95,0,1256.95,0,6,1,Chose competitor
D04216,L104216,SMB,COL,AE04,2026-06-24 20:00:00,2026-07-08 20:00:00,Closed Lost,Start,29.86,0,29.86,0,6,1,Timing / no budget
D04222,L104222,AccountantFirm,DOM,AE09,2026-02-12 16:00:00,2026-02-19 16:00:00,Closed Won,Accounting Suite,598.42,0,598.42,0,1,1,
D04223,L104223,AccountantFirm,MEX,AE08,2026-06-10 21:00:00,2026-06-24 21:00:00,Closed Won,Accounting Suite,247.2,5,234.84,0,3,1,
D04224,L104224,SMB,COL,AE02,2026-06-10 15:00:00,2026-06-15 15:00:00,Closed Lost,Accounting Suite,107.35,0,107.35,0,1,0,Missing feature
D04234,L104234,AccountantFirm,DOM,AE08,2026-06-09 09:00:00,2026-06-11 09:00:00,Closed Lost,Accounting Suite,231.67,0,231.67,0,6,0,Timing / no budget
D04236,L104236,SMB,CRI,AE02,2026-01-28 07:00:00,2026-02-01 07:00:00,Closed Lost,Accounting Suite,79.02,10,71.12,0,1,1,Too expensive
D04237,L104237,SMB,COL,AE01,2026-07-07 00:00:00,2026-07-17 00:00:00,Closed Lost,Growth,185.22,5,175.96,0,3,0,No response after proposal
D04249,L104249,SMB,MEX,AE02,2026-01-27 18:00:00,2026-02-07 18:00:00,Closed Lost,Growth,93.68,0,93.68,0,3,1,Chose competitor
D04253,L104253,SMB,PER,AE02,2026-06-07 15:00:00,2026-06-17 15:00:00,Closed Lost,Growth,76.3,0,76.3,0,3,0,Missing feature
D04270,L104270,SMB,COL,AE05,2026-07-16 21:00:00,2026-07-29 21:00:00,Closed Won,Growth,94.46,10,85.01,0,3,1,
D04275,L104275,SMB,MEX,AE02,2026-06-30 09:00:00,2026-07-02 09:00:00,Closed Lost,Start,62.61,0,62.61,0,12,0,Timing / no budget
D04280,L104280,AccountantFirm,COL,AE07,2026-06-29 12:00:00,2026-07-02 12:00:00,Closed Won,Scale,739.22,15,628.34,0,3,1,
D04287,L104287,AccountantFirm,DOM,AE07,2026-04-08 19:00:00,2026-04-20 19:00:00,Closed Won,Scale,310.01,0,310.01,0,1,1,
D04298,L104298,SMB,CRI,AE04,2026-04-28 10:00:00,2026-05-08 10:00:00,Closed Won,Start,551.96,0,551.96,0,6,1,
D04304,L104304,AccountantFirm,COL,AE09,2026-05-21 16:00:00,2026-05-26 16:00:00,Closed Won,Accounting Suite,81.21,5,77.15,0,1,0,
D04313,L104313,SMB,MEX,AE01,2026-02-17 19:00:00,2026-02-26 19:00:00,Closed Won,Scale,63.01,0,63.01,0,6,1,
D04315,L104315,SMB,PER,AE05,2026-04-23 00:00:00,2026-05-03 00:00:00,Closed Lost,Growth,84.16,0,84.16,0,1,1,Too expensive
D04332,L104332,AccountantFirm,PER,AE07,2026-03-15 20:00:00,2026-03-20 20:00:00,Closed Lost,Accounting Suite,406.62,0,406.62,0,1,1,Chose competitor
D04335,L104335,SMB,COL,AE05,2026-05-12 17:00:00,2026-05-21 17:00:00,Closed Lost,Accounting Suite,55.13,10,49.62,0,3,1,Timing / no budget
D04345,L104345,SMB,COL,AE06,2026-05-11 18:00:00,2026-05-18 18:00:00,Closed Won,Growth,92.39,15,78.53,0,1,1,
D04369,L104369,AccountantFirm,COL,AE08,2026-04-20 17:00:00,2026-04-30 17:00:00,Closed Lost,Accounting Suite,267.68,0,267.68,0,1,0,No response after proposal
D04379,L104379,AccountantFirm,MEX,AE07,2026-02-12 00:00:00,2026-02-17 00:00:00,Closed Lost,Partner Hub,302.8,0,302.8,0,1,1,Chose competitor
D04415,L104415,SMB,MEX,AE03,2026-06-12 20:00:00,2026-06-14 20:00:00,Closed Won,Growth,79.24,5,75.28,0,1,1,
D04419,L104419,SMB,MEX,AE03,2026-02-17 15:00:00,2026-02-19 15:00:00,Closed Won,Start,77.46,10,69.71,0,6,0,
D04420,L104420,SMB,DOM,AE02,2026-06-16 10:00:00,2026-06-19 10:00:00,Closed Lost,Scale,49.06,10,44.15,0,1,0,Timing / no budget
D04434,L104434,SMB,MEX,AE06,2026-05-29 09:00:00,2026-06-09 09:00:00,Closed Won,Start,46.99,0,46.99,0,12,1,
D04435,L104435,SMB,MEX,AE04,2026-04-01 17:00:00,2026-04-12 17:00:00,Closed Won,Growth,400.41,0,400.41,0,1,1,
D04444,L104444,SMB,COL,AE04,2026-03-13 10:00:00,2026-03-20 10:00:00,Closed Lost,Accounting Suite,54.78,10,49.3,1,3,1,No response after proposal
D04453,L104453,AccountantFirm,COL,AE09,2026-05-10 16:00:00,2026-05-18 16:00:00,Closed Won,Accounting Suite,242.91,0,242.91,0,6,0,
D04455,L104455,AccountantFirm,PER,AE08,2026-07-10 00:00:00,2026-07-17 00:00:00,Closed Lost,Scale,118.86,0,118.86,0,6,0,No response after proposal
D04459,L104459,AccountantFirm,MEX,AE07,2026-07-05 20:00:00,2026-07-19 20:00:00,Closed Won,Partner Hub,588.6,10,529.74,0,1,1,
D04461,L104461,SMB,PER,AE03,2026-06-17 09:00:00,2026-06-26 09:00:00,Closed Won,Growth,58.87,0,58.87,0,12,0,
D04468,L104468,SMB,CRI,AE03,2026-04-24 00:00:00,2026-05-07 00:00:00,Closed Won,Growth,43.4,0,43.4,0,12,1,
D04471,L104471,SMB,COL,AE01,2026-04-05 11:00:00,2026-04-12 11:00:00,Closed Lost,Scale,62.86,0,62.86,0,3,1,Timing / no budget
D04487,L104487,AccountantFirm,DOM,AE07,2026-05-18 21:00:00,2026-05-26 21:00:00,Closed Lost,Scale,175.5,0,175.5,0,12,1,Chose competitor
D04491,L104491,SMB,MEX,AE04,2026-06-05 19:00:00,2026-06-07 19:00:00,Closed Lost,Growth,65.02,0,65.02,0,3,1,Chose competitor
D04495,L104495,AccountantFirm,COL,AE09,2026-06-23 00:00:00,2026-07-07 00:00:00,Closed Won,Scale,359.84,0,359.84,0,1,0,
D04508,L104508,SMB,MEX,AE05,2026-01-18 21:00:00,2026-01-26 21:00:00,Closed Won,Start,214.45,0,214.45,0,1,1,
D04525,L104525,AccountantFirm,MEX,AE07,2026-03-14 16:00:00,2026-03-18 16:00:00,Closed Won,Partner Hub,956.41,10,860.77,0,3,0,
D04532,L104532,SMB,PER,AE04,2026-02-23 00:00:00,2026-03-09 00:00:00,Closed Lost,Growth,238.84,0,238.84,0,12,0,Missing feature
D04537,L104537,AccountantFirm,PER,AE08,2026-01-25 12:00:00,2026-02-08 12:00:00,Closed Lost,Accounting Suite,343.65,0,343.65,0,1,0,Too expensive
D04541,L104541,SMB,MEX,AE01,2026-02-01 00:00:00,2026-02-04 00:00:00,Closed Lost,Start,107.9,0,107.9,0,12,0,Chose competitor
D04549,L104549,SMB,COL,AE01,2026-06-05 15:00:00,2026-06-12 15:00:00,Closed Lost,Scale,40.93,0,40.93,0,1,1,Too expensive
D04569,L104569,SMB,COL,AE01,2026-02-02 18:00:00,2026-02-04 18:00:00,Closed Won,Accounting Suite,100.37,0,100.37,0,1,1,
D04570,L104570,AccountantFirm,MEX,AE09,2026-04-03 14:00:00,2026-04-11 14:00:00,Closed Won,Partner Hub,986.89,20,789.51,0,12,0,
D04576,L104576,AccountantFirm,MEX,AE09,2026-02-15 10:00:00,2026-02-24 10:00:00,Closed Won,Partner Hub,1031.24,0,1031.24,0,12,1,
D04583,L104583,SMB,DOM,AE02,2026-04-24 20:00:00,2026-05-06 20:00:00,Closed Won,Growth,38.44,0,38.44,0,12,1,
D04586,L104586,SMB,PER,AE05,2026-06-15 10:00:00,2026-06-20 10:00:00,Closed Lost,Scale,160.37,0,160.37,0,3,1,Timing / no budget
D04610,L104610,SMB,COL,AE05,2026-03-13 00:00:00,2026-03-25 00:00:00,Closed Won,Start,521.82,20,417.46,1,1,1,
D04616,L104616,AccountantFirm,COL,AE08,2026-02-03 09:00:00,2026-02-07 09:00:00,Closed Lost,Accounting Suite,204.55,0,204.55,0,12,0,Chose competitor
D04617,L104617,SMB,MEX,AE01,2026-05-28 19:00:00,2026-06-01 19:00:00,Closed Lost,Growth,283.62,0,283.62,0,12,1,No response after proposal
D04633,L104633,AccountantFirm,CRI,AE09,2026-03-17 18:00:00,2026-03-30 18:00:00,Closed Won,Scale,240.6,0,240.6,0,12,0,
D04634,L104634,AccountantFirm,MEX,AE08,2026-01-31 19:00:00,2026-02-09 19:00:00,Closed Won,Partner Hub,403.18,0,403.18,0,12,0,
D04647,L104647,SMB,MEX,AE01,2026-01-28 20:00:00,2026-02-10 20:00:00,Closed Won,Growth,327.84,0,327.84,0,3,0,
D04651,L104651,SMB,PER,AE06,2026-02-21 12:00:00,2026-03-07 12:00:00,Closed Lost,Growth,37.47,0,37.47,0,6,0,Too expensive
D04670,L104670,SMB,MEX,AE03,2026-03-14 10:00:00,2026-03-24 10:00:00,Closed Lost,Accounting Suite,81.58,25,61.19,1,1,0,Too expensive
D04671,L104671,AccountantFirm,COL,AE07,2026-04-12 09:00:00,2026-04-25 09:00:00,Closed Won,Partner Hub,127.15,0,127.15,0,3,0,
D04672,L104672,SMB,COL,AE04,2026-02-02 19:00:00,2026-02-12 19:00:00,Closed Lost,Accounting Suite,85.29,0,85.29,0,12,1,Too expensive
D04692,L104692,SMB,COL,AE03,2026-06-02 00:00:00,2026-06-12 00:00:00,Closed Lost,Scale,230.57,0,230.57,0,1,0,Missing feature
D04699,L104699,AccountantFirm,DOM,AE08,2026-06-20 22:00:00,2026-07-03 22:00:00,Closed Won,Partner Hub,341.32,0,341.32,0,6,1,
D04706,L104706,SMB,MEX,AE05,2026-07-19 18:00:00,2026-07-22 18:00:00,Closed Lost,Growth,50.17,0,50.17,0,1,1,Chose competitor
D04717,L104717,SMB,MEX,AE01,2026-06-12 21:00:00,2026-06-23 21:00:00,Closed Lost,Growth,95.18,0,95.18,0,1,1,Too expensive
D04722,L104722,SMB,MEX,AE04,2026-03-26 16:00:00,2026-03-31 16:00:00,Closed Won,Growth,78.31,25,58.73,1,6,0,
D04734,L104734,AccountantFirm,COL,AE09,2026-03-17 21:00:00,2026-03-24 21:00:00,Closed Lost,Partner Hub,223.08,0,223.08,0,3,0,Missing feature
D04737,L104737,SMB,MEX,AE03,2026-07-23 16:00:00,2026-07-28 16:00:00,Closed Lost,Start,29.0,5,27.55,0,1,1,No response after proposal
D04745,L104745,SMB,DOM,AE01,2026-04-26 00:00:00,2026-05-06 00:00:00,Closed Won,Scale,78.28,0,78.28,0,6,1,
D04754,L104754,SMB,COL,AE06,2026-03-29 08:00:00,2026-04-02 08:00:00,Closed Won,Start,166.58,15,141.6,1,1,0,
D04766,L104766,AccountantFirm,MEX,AE07,2026-04-23 16:00:00,2026-05-02 16:00:00,Closed Lost,Accounting Suite,413.55,0,413.55,0,6,1,Missing feature
D04771,L104771,AccountantFirm,DOM,AE07,2026-04-04 08:00:00,2026-04-18 08:00:00,Closed Lost,Partner Hub,166.37,10,149.73,0,3,1,No response after proposal
D04776,L104776,SMB,COL,AE04,2026-03-26 20:00:00,2026-03-31 20:00:00,Closed Won,Start,29.0,0,29.0,0,1,1,
D04784,L104784,AccountantFirm,COL,AE08,2026-06-27 11:00:00,2026-07-01 11:00:00,Closed Won,Partner Hub,131.66,0,131.66,0,1,1,
D04788,L104788,AccountantFirm,CRI,AE07,2026-02-12 20:00:00,2026-02-22 20:00:00,Closed Lost,Partner Hub,279.45,0,279.45,0,12,0,Chose competitor
D04790,L104790,AccountantFirm,MEX,AE08,2026-06-05 17:00:00,2026-06-18 17:00:00,Closed Won,Partner Hub,271.79,0,271.79,0,1,1,
D04793,L104793,SMB,DOM,AE06,2026-02-10 09:00:00,2026-02-17 09:00:00,Closed Lost,Scale,178.8,0,178.8,0,6,1,Too expensive
D04796,L104796,SMB,MEX,AE01,2026-06-27 21:00:00,2026-07-03 21:00:00,Closed Lost,Accounting Suite,64.86,0,64.86,0,1,1,No response after proposal
D04797,L104797,AccountantFirm,PER,AE08,2026-06-08 19:00:00,2026-06-22 19:00:00,Closed Lost,Partner Hub,103.35,0,103.35,0,3,1,Chose competitor
D04803,L104803,AccountantFirm,COL,AE09,2026-05-07 09:00:00,2026-05-16 09:00:00,Closed Won,Partner Hub,350.78,0,350.78,0,1,0,
D04807,L104807,SMB,COL,AE06,2026-06-19 08:00:00,2026-06-28 08:00:00,Closed Lost,Start,49.03,15,41.68,0,12,1,No response after proposal
D04823,L104823,SMB,COL,AE06,2026-04-12 13:00:00,2026-04-18 13:00:00,Closed Won,Scale,64.53,5,61.3,0,12,1,
D04841,L104841,AccountantFirm,MEX,AE07,2026-04-02 09:00:00,2026-04-11 09:00:00,Closed Won,Accounting Suite,333.97,0,333.97,0,6,1,
D04849,L104849,SMB,COL,AE03,2026-06-03 09:00:00,2026-06-13 09:00:00,Closed Lost,Scale,48.13,0,48.13,0,3,0,Chose competitor
D04861,L104861,SMB,COL,AE05,2026-02-02 15:00:00,2026-02-04 15:00:00,Closed Lost,Start,107.37,0,107.37,0,12,0,No response after proposal
D04875,L104875,SMB,DOM,AE01,2026-03-08 09:00:00,2026-03-10 09:00:00,Closed Lost,Growth,29.0,0,29.0,0,6,0,No response after proposal
D04883,L104883,SMB,DOM,AE02,2026-05-18 15:00:00,2026-05-30 15:00:00,Closed Lost,Growth,46.21,0,46.21,0,3,1,Missing feature
D04889,L104889,AccountantFirm,MEX,AE09,2026-06-20 16:00:00,2026-06-22 16:00:00,Closed Lost,Accounting Suite,829.97,0,829.97,0,1,0,Chose competitor
D04900,L104900,AccountantFirm,DOM,AE07,2026-04-04 14:00:00,2026-04-11 14:00:00,Closed Lost,Partner Hub,152.16,0,152.16,0,12,0,Missing feature
D04909,L104909,SMB,COL,AE04,2026-02-25 00:00:00,2026-03-02 00:00:00,Closed Lost,Accounting Suite,302.1,0,302.1,0,1,0,No response after proposal
D04915,L104915,SMB,COL,AE04,2026-06-23 20:00:00,2026-06-25 20:00:00,Closed Won,Start,258.5,10,232.65,0,12,1,
D04916,L104916,AccountantFirm,MEX,AE07,2026-06-25 08:00:00,2026-07-04 08:00:00,Closed Lost,Partner Hub,1105.37,0,1105.37,0,12,0,No response after proposal
D04936,L104936,SMB,DOM,AE05,2026-05-21 12:00:00,2026-05-25 12:00:00,Closed Lost,Start,40.75,0,40.75,0,12,1,Timing / no budget
D04938,L104938,AccountantFirm,COL,AE08,2026-07-17 10:00:00,2026-07-28 10:00:00,Closed Won,Partner Hub,264.42,5,251.19,0,1,1,
D04948,L104948,AccountantFirm,COL,AE07,2026-05-23 16:00:00,2026-06-06 16:00:00,Closed Lost,Accounting Suite,168.84,0,168.84,0,12,0,No response after proposal
D04949,L104949,AccountantFirm,COL,AE08,2026-05-23 16:00:00,2026-06-01 16:00:00,Closed Won,Scale,69.12,0,69.12,0,12,0,
D04953,L104953,SMB,COL,AE01,2026-06-20 11:00:00,2026-06-23 11:00:00,Closed Lost,Start,106.53,0,106.53,0,1,1,Chose competitor
D04958,L104958,SMB,COL,AE06,2026-05-11 15:00:00,2026-05-20 15:00:00,Closed Won,Scale,179.15,0,179.15,0,12,1,
D04960,L104960,AccountantFirm,CRI,AE07,2026-05-26 19:00:00,2026-06-06 19:00:00,Closed Lost,Accounting Suite,450.25,0,450.25,0,6,0,No response after proposal
D04979,L104979,AccountantFirm,PER,AE09,2026-02-17 21:00:00,2026-02-19 21:00:00,Closed Won,Accounting Suite,52.64,0,52.64,0,12,1,
D04980,L104980,SMB,PER,AE01,2026-01-20 19:00:00,2026-01-25 19:00:00,Closed Lost,Growth,45.38,0,45.38,0,6,1,Chose competitor
D04987,L104987,SMB,COL,AE06,2026-02-17 20:00:00,2026-03-02 20:00:00,Closed Won,Growth,76.99,5,73.14,0,1,1,
D04995,L104995,SMB,COL,AE04,2026-07-05 13:00:00,2026-07-13 13:00:00,Closed Lost,Start,67.81,10,61.03,0,12,0,Timing / no budget
D05002,L105002,AccountantFirm,COL,AE09,2026-07-18 09:00:00,2026-07-21 09:00:00,Closed Won,Partner Hub,139.89,0,139.89,0,6,1,
D05003,L105003,SMB,MEX,AE06,2026-06-16 12:00:00,2026-06-23 12:00:00,Closed Lost,Start,69.04,0,69.04,0,1,1,No response after proposal
D05007,L105007,SMB,COL,AE03,2026-05-09 13:00:00,2026-05-16 13:00:00,Closed Lost,Start,90.81,0,90.81,0,6,1,Too expensive
D05025,L105025,SMB,COL,AE01,2026-04-26 14:00:00,2026-04-29 14:00:00,Closed Lost,Growth,83.14,0,83.14,0,12,1,No response after proposal
D05026,L105026,SMB,COL,AE03,2026-03-13 00:00:00,2026-03-16 00:00:00,Closed Lost,Scale,55.96,20,44.76,1,1,1,Too expensive
D05027,L105027,SMB,PER,AE02,2026-04-19 17:00:00,2026-05-01 17:00:00,Closed Won,Growth,53.39,0,53.39,0,3,1,
D05030,L105030,AccountantFirm,COL,AE07,2026-04-28 14:00:00,2026-05-06 14:00:00,Closed Won,Partner Hub,452.64,0,452.64,0,3,1,
D05031,L105031,SMB,CRI,AE05,2026-04-05 21:00:00,2026-04-17 21:00:00,Closed Lost,Growth,188.55,0,188.55,0,12,0,Missing feature
D05032,L105032,SMB,MEX,AE02,2026-07-04 09:00:00,2026-07-08 09:00:00,Closed Lost,Scale,29.0,0,29.0,0,1,0,Timing / no budget
D05091,L105091,AccountantFirm,COL,AE08,2026-06-03 21:00:00,2026-06-07 21:00:00,Closed Won,Accounting Suite,223.67,0,223.67,0,12,1,
D05098,L105098,SMB,COL,AE04,2026-03-17 17:00:00,2026-03-31 17:00:00,Closed Won,Start,29.46,0,29.46,0,3,1,
D05112,L105112,SMB,MEX,AE02,2026-05-24 00:00:00,2026-06-05 00:00:00,Closed Lost,Growth,29.0,0,29.0,0,1,1,No response after proposal
D05115,L105115,AccountantFirm,MEX,AE07,2026-01-20 13:00:00,2026-01-22 13:00:00,Closed Won,Accounting Suite,796.55,0,796.55,0,1,0,
D05139,L105139,AccountantFirm,MEX,AE07,2026-02-05 00:00:00,2026-02-11 00:00:00,Closed Lost,Partner Hub,253.23,0,253.23,0,6,0,Timing / no budget
D05150,L105150,AccountantFirm,MEX,AE08,2026-04-24 15:00:00,2026-04-30 15:00:00,Closed Won,Accounting Suite,93.01,10,83.71,0,6,0,
D05151,L105151,SMB,COL,AE03,2026-04-08 00:00:00,2026-04-19 00:00:00,Closed Lost,Start,35.19,10,31.68,0,1,1,No response after proposal
D05154,L105154,SMB,COL,AE02,2026-04-18 18:00:00,2026-05-02 18:00:00,Closed Lost,Growth,189.98,0,189.98,0,1,1,No response after proposal
D05156,L105156,SMB,MEX,AE05,2026-02-10 08:00:00,2026-02-16 08:00:00,Closed Won,Growth,296.66,0,296.66,0,12,1,
D05163,L105163,SMB,MEX,AE02,2026-05-19 14:00:00,2026-05-31 14:00:00,Closed Lost,Growth,241.15,0,241.15,0,12,0,Too expensive
D05169,L105169,SMB,PER,AE05,2026-06-19 18:00:00,2026-06-29 18:00:00,Closed Lost,Start,342.96,0,342.96,0,1,0,Timing / no budget
D05182,L105182,SMB,MEX,AE05,2026-04-17 20:00:00,2026-04-26 20:00:00,Closed Lost,Accounting Suite,231.01,0,231.01,0,1,1,Too expensive
D05198,L105198,SMB,COL,AE05,2026-05-27 14:00:00,2026-05-30 14:00:00,Closed Lost,Accounting Suite,478.64,0,478.64,0,12,0,No response after proposal
D05199,L105199,AccountantFirm,MEX,AE07,2026-05-06 12:00:00,2026-05-13 12:00:00,Closed Won,Accounting Suite,106.37,5,101.06,0,12,1,
